"page","region","type","texte_ou_label","href_ou_action","target","rel","name","input_type","required","id","classes","aria","visible_1440","visible_390","details"
"https://www.syntheticswarm.ai/","autre","ancre","Skip to content","#main","","","","","","","skip-link","","oui","oui",""
"https://www.syntheticswarm.ai/","header","lien_interne","Synthetic Swarm","/","","","","","","","logo","","oui","oui",""
"https://www.syntheticswarm.ai/","header","lien_interne","Our solution","/our-solution","","","","","","","","","oui","non",""
"https://www.syntheticswarm.ai/","header","lien_interne","Pricing","/pricing","","","","","","","","","oui","non",""
"https://www.syntheticswarm.ai/","header","button+disclosure","About","","","","","button","","","nav-link-dropdown shared-chevron-trigger","aria-expanded=false aria-controls=header-about-options","oui","non",""
"https://www.syntheticswarm.ai/","header","lien_interne","Who we are","/about","","","","","","","","","non","non",""
"https://www.syntheticswarm.ai/","header","lien_interne","Careers","/careers","","","","","","","","","non","non",""
"https://www.syntheticswarm.ai/","header","pseudo_lien_desactive","Media","","","","","","","","nav-disabled","role=link aria-disabled=true","non","non",""
"https://www.syntheticswarm.ai/","header","button+disclosure","Choose language","","","","","button","","","language-trigger shared-chevron-trigger","aria-expanded=false aria-controls=header-language-options aria-label=Choose language","oui","non",""
"https://www.syntheticswarm.ai/","header","lien_interne+langue","EN","/","","","","","","","","aria-current=true","non","non",""
"https://www.syntheticswarm.ai/","header","lien_interne+langue","FR","/index-fr","","","","","","","","","non","non",""
"https://www.syntheticswarm.ai/","header","lien_externe","Log in","https://app.syntheticswarm.ai/ui/","_blank","noopener noreferrer","","","","","btn-login header-action","","oui","non",""
"https://www.syntheticswarm.ai/","header","button+disclosure+demo","Demo","","","","","button","","","btn-get-started header-action","aria-expanded=false aria-controls=header-demo-options","oui","non",""
"https://www.syntheticswarm.ai/","header","lien_externe","AxelCEO↗","https://calendar.app.google/91k1Mpontca7NGea6","_blank","noopener noreferrer","","","","","demo-booking-person","","non","non",""
"https://www.syntheticswarm.ai/","header","lien_externe","IlanCTO↗","https://calendar.app.google/91k1Mpontca7NGea6","_blank","noopener noreferrer","","","","","demo-booking-person","","non","non",""
"https://www.syntheticswarm.ai/","header","button","Open menu","","","","","button","","","mobile-menu-toggle","aria-label=Open menu aria-controls=mobile-menu aria-expanded=false","non","oui",""
"https://www.syntheticswarm.ai/","main","lien_externe+demo","Book a demo","https://calendar.app.google/91k1Mpontca7NGea6","_blank","noopener noreferrer","","","","","btn-get-started","","oui","oui",""
"https://www.syntheticswarm.ai/","main","lien_interne","Discover our solution","/our-solution","","","","","","","page-button page-button--secondary","","oui","oui",""
"https://www.syntheticswarm.ai/","main","input_checkbox","Pause scrolling","","","","","checkbox","","","","aria-label=Pause scrolling","oui","oui",""
"https://www.syntheticswarm.ai/","main","button+prospect","Camille R. Sep 15 Architecture firm First hire","","","","","button","","","prospect-choice","aria-pressed=true aria-controls=profile-camille","oui","oui",""
"https://www.syntheticswarm.ai/","main","button+prospect","Thomas B. Sep 14 Dental practice Conversion to SELARL","","","","","button","","","prospect-choice","aria-pressed=false aria-controls=profile-thomas","oui","oui",""
"https://www.syntheticswarm.ai/","main","button+prospect","Sonia M. Sep 13 Pharmacy New partner","","","","","button","","","prospect-choice","aria-pressed=false aria-controls=profile-sonia","oui","oui",""
"https://www.syntheticswarm.ai/","main","button+prospect","Julien D. Sep 12 Construction company Operations resumed","","","","","button","","","prospect-choice","aria-pressed=false aria-controls=profile-julien","oui","oui",""
"https://www.syntheticswarm.ai/","main","button+prospect","Élodie P. Sep 11 Accounting firm Holding company created","","","","","button","","","prospect-choice","aria-pressed=false aria-controls=profile-elodie","oui","oui",""
"https://www.syntheticswarm.ai/","main","button+prospect","Marc L. Sep 10 Law firm Ownership transfer initiated","","","","","button","","","prospect-choice","aria-pressed=false aria-controls=profile-marc","oui","oui",""
"https://www.syntheticswarm.ai/","main","button+prospect","Sarah V. Sep 9 Veterinary clinic New establishment","","","","","button","","","prospect-choice","aria-pressed=false aria-controls=profile-sarah","oui","oui",""
"https://www.syntheticswarm.ai/","main","button+prospect","Nicolas G. Sep 8 Auto repair shop New company leader","","","","","button","","","prospect-choice","aria-pressed=false aria-controls=profile-nicolas","oui","oui",""
"https://www.syntheticswarm.ai/","main","button+prospect","Claire T. Sep 7 Real estate agency SCI created","","","","","button","","","prospect-choice","aria-pressed=false aria-controls=profile-claire","oui","oui",""
"https://www.syntheticswarm.ai/","main","button+prospect","Antoine F. Sep 6 Specialist retailer Growth + hiring","","","","","button","","","prospect-choice","aria-pressed=false aria-controls=profile-antoine","oui","oui",""
"https://www.syntheticswarm.ai/","main","lien_externe","LinkedIn ↗","https://www.linkedin.com/","_blank","noopener noreferrer","","","","","","","oui","oui",""
"https://www.syntheticswarm.ai/","main","lien_externe","LinkedIn ↗","https://www.linkedin.com/","_blank","noopener noreferrer","","","","","","","non","non",""
"https://www.syntheticswarm.ai/","main","lien_externe","LinkedIn ↗","https://www.linkedin.com/","_blank","noopener noreferrer","","","","","","","non","non",""
"https://www.syntheticswarm.ai/","main","lien_externe","LinkedIn ↗","https://www.linkedin.com/","_blank","noopener noreferrer","","","","","","","non","non",""
"https://www.syntheticswarm.ai/","main","lien_externe","LinkedIn ↗","https://www.linkedin.com/","_blank","noopener noreferrer","","","","","","","non","non",""
"https://www.syntheticswarm.ai/","main","lien_externe","LinkedIn ↗","https://www.linkedin.com/","_blank","noopener noreferrer","","","","","","","non","non",""
"https://www.syntheticswarm.ai/","main","lien_externe","LinkedIn ↗","https://www.linkedin.com/","_blank","noopener noreferrer","","","","","","","non","non",""
"https://www.syntheticswarm.ai/","main","lien_externe","LinkedIn ↗","https://www.linkedin.com/","_blank","noopener noreferrer","","","","","","","non","non",""
"https://www.syntheticswarm.ai/","main","lien_externe","LinkedIn ↗","https://www.linkedin.com/","_blank","noopener noreferrer","","","","","","","non","non",""
"https://www.syntheticswarm.ai/","main","lien_externe","LinkedIn ↗","https://www.linkedin.com/","_blank","noopener noreferrer","","","","","","","non","non",""
"https://www.syntheticswarm.ai/","main","lien_interne","Learn more →","/our-solution","","","","","","","prospect-preview-link","","oui","oui",""
"https://www.syntheticswarm.ai/","main","input_range+curseur_volume","Leads per week","","","","","range","","","pricing-range","aria-valuetext=50 leads per week aria-label=Leads per week","oui","oui","min=0 max=5 value=2 step=1"
"https://www.syntheticswarm.ai/","main","button+palier_prix","10","","","","","button","","","","aria-pressed=false","oui","oui",""
"https://www.syntheticswarm.ai/","main","button+palier_prix","20","","","","","button","","","","aria-pressed=false","oui","oui",""
"https://www.syntheticswarm.ai/","main","button+palier_prix","50","","","","","button","","","is-active","aria-pressed=true","oui","oui",""
"https://www.syntheticswarm.ai/","main","button+palier_prix","100","","","","","button","","","","aria-pressed=false","oui","oui",""
"https://www.syntheticswarm.ai/","main","button+palier_prix","200","","","","","button","","","","aria-pressed=false","oui","oui",""
"https://www.syntheticswarm.ai/","main","button+palier_prix","200+","","","","","button","","","","aria-pressed=false","oui","oui",""
"https://www.syntheticswarm.ai/","main","lien_externe","Choose this plan","https://app.syntheticswarm.ai/ui/","","","","","","","pricing-config-btn","","oui","oui",""
"https://www.syntheticswarm.ai/","main","lien_externe+demo","","https://calendar.app.google/91k1Mpontca7NGea6","_blank","noopener noreferrer","","","","","btn-get-started pricing-config-btn","","non","non",""
"https://www.syntheticswarm.ai/","main","details","How does it work in practice?","","","","","","","","pricing-faq-item","","oui","oui","open=false"
"https://www.syntheticswarm.ai/","main","summary","How does it work in practice?","","","","","","","","","","oui","oui",""
"https://www.syntheticswarm.ai/","main","details","What information do I get?","","","","","","","","pricing-faq-item","","oui","oui","open=false"
"https://www.syntheticswarm.ai/","main","summary","What information do I get?","","","","","","","","","","oui","oui",""
"https://www.syntheticswarm.ai/","main","details","Am I allowed to call these people?","","","","","","","","pricing-faq-item","","oui","oui","open=false"
"https://www.syntheticswarm.ai/","main","summary","Am I allowed to call these people?","","","","","","","","","","oui","oui",""
"https://www.syntheticswarm.ai/","footer","lien_externe+demo","Book a demo","https://calendar.app.google/91k1Mpontca7NGea6","_blank","noopener noreferrer","","","","","btn-get-started","","oui","oui",""
"https://www.syntheticswarm.ai/","footer","lien_interne","Explore our solution →","/our-solution","","","","","","","brand-close-solution","","oui","oui",""
"https://www.syntheticswarm.ai/","footer","form","Newsletter","/api/newsletter","","","","","","","newsletter-form","aria-label=Newsletter","oui","oui","method=post action=/api/newsletter champs=email:email*|:submit|company_website:text"
"https://www.syntheticswarm.ai/","footer","input_email","Your email","","","","email","email","oui","","","aria-label=Your email","oui","oui",""
"https://www.syntheticswarm.ai/","footer","button","Subscribe","","","","","submit","","","","","oui","oui",""
"https://www.syntheticswarm.ai/","footer","input_text","","","","","company_website","text","","","newsletter-honeypot","aria-hidden=true","oui","oui",""
"https://www.syntheticswarm.ai/","footer","lien_interne","Synthetic Swarm","/","","","","","","","logo","","oui","oui",""
"https://www.syntheticswarm.ai/","footer","lien_externe","Log in","https://app.syntheticswarm.ai/ui/","_blank","noopener noreferrer","","","","","brand-close-login","","oui","oui",""
"https://www.syntheticswarm.ai/","footer","lien_interne","Our solution","/our-solution","","","","","","","","","oui","oui",""
"https://www.syntheticswarm.ai/","footer","lien_interne","Pricing","/pricing","","","","","","","","","oui","oui",""
"https://www.syntheticswarm.ai/","footer","lien_interne","FAQ","/faq","","","","","","","","","oui","oui",""
"https://www.syntheticswarm.ai/","footer","lien_interne","About","/about","","","","","","","","","oui","oui",""
"https://www.syntheticswarm.ai/","footer","pseudo_lien_desactive","Customers","","","","","","","","nav-disabled","role=link aria-disabled=true","oui","oui",""
"https://www.syntheticswarm.ai/","footer","lien_interne","Careers","/careers","","","","","","","","","oui","oui",""
"https://www.syntheticswarm.ai/","footer","pseudo_lien_desactive","Media","","","","","","","","nav-disabled","role=link aria-disabled=true","oui","oui",""
"https://www.syntheticswarm.ai/","footer","lien_interne","Contact","/contact","","","","","","","","","oui","oui",""
"https://www.syntheticswarm.ai/","footer","lien_interne","Legal Notice","/legal-notice","","","","","","","","","oui","oui",""
"https://www.syntheticswarm.ai/","footer","lien_interne","Privacy","/privacy","","","","","","","","","oui","oui",""
"https://www.syntheticswarm.ai/","footer","lien_interne","Terms","/terms","","","","","","","","","oui","oui",""
"https://www.syntheticswarm.ai/","footer","lien_interne","Opt out","/opt-out","","","","","","","","","oui","oui",""
"https://www.syntheticswarm.ai/","menu_mobile","button","Close menu","","","","","button","","","mobile-menu-close","aria-label=Close menu","non","non",""
"https://www.syntheticswarm.ai/","menu_mobile","lien_interne","","/our-solution","","","","","","","","","non","non",""
"https://www.syntheticswarm.ai/","menu_mobile","lien_interne","","/pricing","","","","","","","","","non","non",""
"https://www.syntheticswarm.ai/","menu_mobile","lien_interne","","/about","","","","","","","","","non","non",""
"https://www.syntheticswarm.ai/","menu_mobile","lien_interne","","/careers","","","","","","","","","non","non",""
"https://www.syntheticswarm.ai/","menu_mobile","pseudo_lien_desactive","","","","","","","","","nav-disabled","role=link aria-disabled=true","non","non",""
"https://www.syntheticswarm.ai/","menu_mobile","button+disclosure","Choose language","","","","","button","","","language-trigger shared-chevron-trigger","aria-expanded=false aria-controls=mobile-header-language-options aria-label=Choose language","non","non",""
"https://www.syntheticswarm.ai/","menu_mobile","lien_interne+langue","EN","/","","","","","","","","aria-current=true","non","non",""
"https://www.syntheticswarm.ai/","menu_mobile","lien_interne+langue","FR","/index-fr","","","","","","","","","non","non",""
"https://www.syntheticswarm.ai/","menu_mobile","lien_externe","","https://app.syntheticswarm.ai/ui/","_blank","noopener noreferrer","","","","","btn-login header-action","","non","non",""
"https://www.syntheticswarm.ai/","menu_mobile","button+disclosure+demo","","","","","","button","","","btn-get-started header-action","aria-expanded=false aria-controls=mobile-header-demo-options","non","non",""
"https://www.syntheticswarm.ai/","menu_mobile","lien_externe","AxelCEO↗","https://calendar.app.google/91k1Mpontca7NGea6","_blank","noopener noreferrer","","","","","demo-booking-person","","non","non",""
"https://www.syntheticswarm.ai/","menu_mobile","lien_externe","IlanCTO↗","https://calendar.app.google/91k1Mpontca7NGea6","_blank","noopener noreferrer","","","","","demo-booking-person","","non","non",""
"https://www.syntheticswarm.ai/","pastille_demo","lien_externe","Book a demo 15 min with the team","https://calendar.app.google/91k1Mpontca7NGea6","_blank","noopener noreferrer","","","","","floating-demo-button","","oui","oui",""
"https://www.syntheticswarm.ai/index-fr","autre","ancre","Aller au contenu","#main","","","","","","","skip-link","","oui","oui",""
"https://www.syntheticswarm.ai/index-fr","header","lien_interne","Synthetic Swarm","/index-fr","","","","","","","logo","","oui","oui",""
"https://www.syntheticswarm.ai/index-fr","header","lien_interne","Notre solution","/notre-solution","","","","","","","","","oui","non",""
"https://www.syntheticswarm.ai/index-fr","header","lien_interne","Tarifs","/tarifs","","","","","","","","","oui","non",""
"https://www.syntheticswarm.ai/index-fr","header","button+disclosure","À propos","","","","","button","","","nav-link-dropdown shared-chevron-trigger","aria-expanded=false aria-controls=header-about-options","oui","non",""
"https://www.syntheticswarm.ai/index-fr","header","lien_interne","Qui sommes-nous","/a-propos","","","","","","","","","non","non",""
"https://www.syntheticswarm.ai/index-fr","header","lien_interne","Recrutement","/recrutement","","","","","","","","","non","non",""
"https://www.syntheticswarm.ai/index-fr","header","pseudo_lien_desactive","Médias","","","","","","","","nav-disabled","role=link aria-disabled=true","non","non",""
"https://www.syntheticswarm.ai/index-fr","header","button+disclosure","Choisir la langue","","","","","button","","","language-trigger shared-chevron-trigger","aria-expanded=false aria-controls=header-language-options aria-label=Choisir la langue","oui","non",""
"https://www.syntheticswarm.ai/index-fr","header","lien_interne+langue","FR","/index-fr","","","","","","","","aria-current=true","non","non",""
"https://www.syntheticswarm.ai/index-fr","header","lien_interne+langue","EN","/","","","","","","","","","non","non",""
"https://www.syntheticswarm.ai/index-fr","header","lien_externe","Connexion","https://app.syntheticswarm.ai/ui/","_blank","noopener noreferrer","","","","","btn-login header-action","","oui","non",""
"https://www.syntheticswarm.ai/index-fr","header","button+disclosure+demo","Démo","","","","","button","","","btn-get-started header-action","aria-expanded=false aria-controls=header-demo-options","oui","non",""
"https://www.syntheticswarm.ai/index-fr","header","lien_externe","AxelCEO↗","https://calendar.app.google/91k1Mpontca7NGea6","_blank","noopener noreferrer","","","","","demo-booking-person","","non","non",""
"https://www.syntheticswarm.ai/index-fr","header","lien_externe","IlanCTO↗","https://calendar.app.google/91k1Mpontca7NGea6","_blank","noopener noreferrer","","","","","demo-booking-person","","non","non",""
"https://www.syntheticswarm.ai/index-fr","header","button","Ouvrir le menu","","","","","button","","","mobile-menu-toggle","aria-label=Ouvrir le menu aria-controls=mobile-menu aria-expanded=false","non","oui",""
"https://www.syntheticswarm.ai/index-fr","main","lien_externe+demo","Réserver une démo","https://calendar.app.google/91k1Mpontca7NGea6","_blank","noopener noreferrer","","","","","btn-get-started","","oui","oui",""
"https://www.syntheticswarm.ai/index-fr","main","lien_interne","Découvrir notre solution","/notre-solution","","","","","","","page-button page-button--secondary","","oui","oui",""
"https://www.syntheticswarm.ai/index-fr","main","input_checkbox","Mettre le défilement en pause","","","","","checkbox","","","","aria-label=Mettre le défilement en pause","oui","oui",""
"https://www.syntheticswarm.ai/index-fr","main","button+prospect","Camille R. 15 sept. Cabinet d’architecture Première embauche","","","","","button","","","prospect-choice","aria-pressed=true aria-controls=profile-camille","oui","oui",""
"https://www.syntheticswarm.ai/index-fr","main","button+prospect","Thomas B. 14 sept. Cabinet dentaire Passage en SELARL","","","","","button","","","prospect-choice","aria-pressed=false aria-controls=profile-thomas","oui","oui",""
"https://www.syntheticswarm.ai/index-fr","main","button+prospect","Sonia M. 13 sept. Pharmacie Nouvel associé","","","","","button","","","prospect-choice","aria-pressed=false aria-controls=profile-sonia","oui","oui",""
"https://www.syntheticswarm.ai/index-fr","main","button+prospect","Julien D. 12 sept. Entreprise BTP Reprise d’activité","","","","","button","","","prospect-choice","aria-pressed=false aria-controls=profile-julien","oui","oui",""
"https://www.syntheticswarm.ai/index-fr","main","button+prospect","Élodie P. 11 sept. Cabinet comptable Création d’une holding","","","","","button","","","prospect-choice","aria-pressed=false aria-controls=profile-elodie","oui","oui",""
"https://www.syntheticswarm.ai/index-fr","main","button+prospect","Marc L. 10 sept. Cabinet d’avocats Transmission amorcée","","","","","button","","","prospect-choice","aria-pressed=false aria-controls=profile-marc","oui","oui",""
"https://www.syntheticswarm.ai/index-fr","main","button+prospect","Sarah V. 9 sept. Clinique vétérinaire Nouvel établissement","","","","","button","","","prospect-choice","aria-pressed=false aria-controls=profile-sarah","oui","oui",""
"https://www.syntheticswarm.ai/index-fr","main","button+prospect","Nicolas G. 8 sept. Garage automobile Changement de dirigeant","","","","","button","","","prospect-choice","aria-pressed=false aria-controls=profile-nicolas","oui","oui",""
"https://www.syntheticswarm.ai/index-fr","main","button+prospect","Claire T. 7 sept. Agence immobilière Création d’une SCI","","","","","button","","","prospect-choice","aria-pressed=false aria-controls=profile-claire","oui","oui",""
"https://www.syntheticswarm.ai/index-fr","main","button+prospect","Antoine F. 6 sept. Commerce spécialisé Croissance + recrutement","","","","","button","","","prospect-choice","aria-pressed=false aria-controls=profile-antoine","oui","oui",""
"https://www.syntheticswarm.ai/index-fr","main","lien_externe","LinkedIn ↗","https://www.linkedin.com/","_blank","noopener noreferrer","","","","","","","oui","oui",""
"https://www.syntheticswarm.ai/index-fr","main","lien_externe","LinkedIn ↗","https://www.linkedin.com/","_blank","noopener noreferrer","","","","","","","non","non",""
"https://www.syntheticswarm.ai/index-fr","main","lien_externe","LinkedIn ↗","https://www.linkedin.com/","_blank","noopener noreferrer","","","","","","","non","non",""
"https://www.syntheticswarm.ai/index-fr","main","lien_externe","LinkedIn ↗","https://www.linkedin.com/","_blank","noopener noreferrer","","","","","","","non","non",""
"https://www.syntheticswarm.ai/index-fr","main","lien_externe","LinkedIn ↗","https://www.linkedin.com/","_blank","noopener noreferrer","","","","","","","non","non",""
"https://www.syntheticswarm.ai/index-fr","main","lien_externe","LinkedIn ↗","https://www.linkedin.com/","_blank","noopener noreferrer","","","","","","","non","non",""
"https://www.syntheticswarm.ai/index-fr","main","lien_externe","LinkedIn ↗","https://www.linkedin.com/","_blank","noopener noreferrer","","","","","","","non","non",""
"https://www.syntheticswarm.ai/index-fr","main","lien_externe","LinkedIn ↗","https://www.linkedin.com/","_blank","noopener noreferrer","","","","","","","non","non",""
"https://www.syntheticswarm.ai/index-fr","main","lien_externe","LinkedIn ↗","https://www.linkedin.com/","_blank","noopener noreferrer","","","","","","","non","non",""
"https://www.syntheticswarm.ai/index-fr","main","lien_externe","LinkedIn ↗","https://www.linkedin.com/","_blank","noopener noreferrer","","","","","","","non","non",""
"https://www.syntheticswarm.ai/index-fr","main","lien_interne","En savoir plus →","/notre-solution","","","","","","","prospect-preview-link","","oui","oui",""
"https://www.syntheticswarm.ai/index-fr","main","input_range+curseur_volume","Leads par semaine","","","","","range","","","pricing-range","aria-valuetext=50 leads par semaine aria-label=Leads par semaine","oui","oui","min=0 max=5 value=2 step=1"
"https://www.syntheticswarm.ai/index-fr","main","button+palier_prix","10","","","","","button","","","","aria-pressed=false","oui","oui",""
"https://www.syntheticswarm.ai/index-fr","main","button+palier_prix","20","","","","","button","","","","aria-pressed=false","oui","oui",""
"https://www.syntheticswarm.ai/index-fr","main","button+palier_prix","50","","","","","button","","","is-active","aria-pressed=true","oui","oui",""
"https://www.syntheticswarm.ai/index-fr","main","button+palier_prix","100","","","","","button","","","","aria-pressed=false","oui","oui",""
"https://www.syntheticswarm.ai/index-fr","main","button+palier_prix","200","","","","","button","","","","aria-pressed=false","oui","oui",""
"https://www.syntheticswarm.ai/index-fr","main","button+palier_prix","200+","","","","","button","","","","aria-pressed=false","oui","oui",""
"https://www.syntheticswarm.ai/index-fr","main","lien_externe","Choisir ce forfait","https://app.syntheticswarm.ai/ui/","","","","","","","pricing-config-btn","","oui","oui",""
"https://www.syntheticswarm.ai/index-fr","main","lien_externe+demo","","https://calendar.app.google/91k1Mpontca7NGea6","_blank","noopener noreferrer","","","","","btn-get-started pricing-config-btn","","non","non",""
"https://www.syntheticswarm.ai/index-fr","main","details","Comment ça marche concrètement ?","","","","","","","","pricing-faq-item","","oui","oui","open=false"
"https://www.syntheticswarm.ai/index-fr","main","summary","Comment ça marche concrètement ?","","","","","","","","","","oui","oui",""
"https://www.syntheticswarm.ai/index-fr","main","details","Quelles informations j'obtiens ?","","","","","","","","pricing-faq-item","","oui","oui","open=false"
"https://www.syntheticswarm.ai/index-fr","main","summary","Quelles informations j'obtiens ?","","","","","","","","","","oui","oui",""
"https://www.syntheticswarm.ai/index-fr","main","details","Est-ce que j'ai le droit d'appeler ces personnes ?","","","","","","","","pricing-faq-item","","oui","oui","open=false"
"https://www.syntheticswarm.ai/index-fr","main","summary","Est-ce que j'ai le droit d'appeler ces personnes ?","","","","","","","","","","oui","oui",""
"https://www.syntheticswarm.ai/index-fr","footer","lien_externe+demo","Réserver une démo","https://calendar.app.google/91k1Mpontca7NGea6","_blank","noopener noreferrer","","","","","btn-get-started","","oui","oui",""
"https://www.syntheticswarm.ai/index-fr","footer","lien_interne","Voir notre solution →","/notre-solution","","","","","","","brand-close-solution","","oui","oui",""
"https://www.syntheticswarm.ai/index-fr","footer","form","Newsletter","/api/newsletter","","","","","","","newsletter-form","aria-label=Newsletter","oui","oui","method=post action=/api/newsletter champs=email:email*|:submit|company_website:text"
"https://www.syntheticswarm.ai/index-fr","footer","input_email","Votre email","","","","email","email","oui","","","aria-label=Votre email","oui","oui",""
"https://www.syntheticswarm.ai/index-fr","footer","button","S’inscrire","","","","","submit","","","","","oui","oui",""
"https://www.syntheticswarm.ai/index-fr","footer","input_text","","","","","company_website","text","","","newsletter-honeypot","aria-hidden=true","oui","oui",""
"https://www.syntheticswarm.ai/index-fr","footer","lien_interne","Synthetic Swarm","/index-fr","","","","","","","logo","","oui","oui",""
"https://www.syntheticswarm.ai/index-fr","footer","lien_externe","Se connecter","https://app.syntheticswarm.ai/ui/","_blank","noopener noreferrer","","","","","brand-close-login","","oui","oui",""
"https://www.syntheticswarm.ai/index-fr","footer","lien_interne","Notre solution","/notre-solution","","","","","","","","","oui","oui",""
"https://www.syntheticswarm.ai/index-fr","footer","lien_interne","Tarifs","/tarifs","","","","","","","","","oui","oui",""
"https://www.syntheticswarm.ai/index-fr","footer","lien_interne","FAQ","/faq-fr","","","","","","","","","oui","oui",""
"https://www.syntheticswarm.ai/index-fr","footer","lien_interne","À propos","/a-propos","","","","","","","","","oui","oui",""
"https://www.syntheticswarm.ai/index-fr","footer","pseudo_lien_desactive","Nos clients","","","","","","","","nav-disabled","role=link aria-disabled=true","oui","oui",""
"https://www.syntheticswarm.ai/index-fr","footer","lien_interne","Recrutement","/recrutement","","","","","","","","","oui","oui",""
"https://www.syntheticswarm.ai/index-fr","footer","pseudo_lien_desactive","Médias","","","","","","","","nav-disabled","role=link aria-disabled=true","oui","oui",""
"https://www.syntheticswarm.ai/index-fr","footer","lien_interne","Contact","/contact-fr","","","","","","","","","oui","oui",""
"https://www.syntheticswarm.ai/index-fr","footer","lien_interne","Mentions légales","/mentions-legales","","","","","","","","","oui","oui",""
"https://www.syntheticswarm.ai/index-fr","footer","lien_interne","Confidentialité","/confidentialite","","","","","","","","","oui","oui",""
"https://www.syntheticswarm.ai/index-fr","footer","lien_interne","Conditions","/conditions","","","","","","","","","oui","oui",""
"https://www.syntheticswarm.ai/index-fr","footer","lien_interne","Opposition","/opposition","","","","","","","","","oui","oui",""
"https://www.syntheticswarm.ai/index-fr","menu_mobile","button","Fermer le menu","","","","","button","","","mobile-menu-close","aria-label=Fermer le menu","non","non",""
"https://www.syntheticswarm.ai/index-fr","menu_mobile","lien_interne","","/notre-solution","","","","","","","","","non","non",""
"https://www.syntheticswarm.ai/index-fr","menu_mobile","lien_interne","","/tarifs","","","","","","","","","non","non",""
"https://www.syntheticswarm.ai/index-fr","menu_mobile","lien_interne","","/a-propos","","","","","","","","","non","non",""
"https://www.syntheticswarm.ai/index-fr","menu_mobile","lien_interne","","/recrutement","","","","","","","","","non","non",""
"https://www.syntheticswarm.ai/index-fr","menu_mobile","pseudo_lien_desactive","","","","","","","","","nav-disabled","role=link aria-disabled=true","non","non",""
"https://www.syntheticswarm.ai/index-fr","menu_mobile","button+disclosure","Choisir la langue","","","","","button","","","language-trigger shared-chevron-trigger","aria-expanded=false aria-controls=mobile-header-language-options aria-label=Choisir la langue","non","non",""
"https://www.syntheticswarm.ai/index-fr","menu_mobile","lien_interne+langue","FR","/index-fr","","","","","","","","aria-current=true","non","non",""
"https://www.syntheticswarm.ai/index-fr","menu_mobile","lien_interne+langue","EN","/","","","","","","","","","non","non",""
"https://www.syntheticswarm.ai/index-fr","menu_mobile","lien_externe","","https://app.syntheticswarm.ai/ui/","_blank","noopener noreferrer","","","","","btn-login header-action","","non","non",""
"https://www.syntheticswarm.ai/index-fr","menu_mobile","button+disclosure+demo","","","","","","button","","","btn-get-started header-action","aria-expanded=false aria-controls=mobile-header-demo-options","non","non",""
"https://www.syntheticswarm.ai/index-fr","menu_mobile","lien_externe","AxelCEO↗","https://calendar.app.google/91k1Mpontca7NGea6","_blank","noopener noreferrer","","","","","demo-booking-person","","non","non",""
"https://www.syntheticswarm.ai/index-fr","menu_mobile","lien_externe","IlanCTO↗","https://calendar.app.google/91k1Mpontca7NGea6","_blank","noopener noreferrer","","","","","demo-booking-person","","non","non",""
"https://www.syntheticswarm.ai/index-fr","pastille_demo","lien_externe","Réserver une démo 15 min avec l’équipe","https://calendar.app.google/91k1Mpontca7NGea6","_blank","noopener noreferrer","","","","","floating-demo-button","","oui","oui",""
"https://www.syntheticswarm.ai/our-solution","autre","ancre","Skip to content","#main","","","","","","","skip-link","","oui","oui",""
"https://www.syntheticswarm.ai/our-solution","header","lien_interne","Synthetic Swarm","/","","","","","","","logo","","oui","oui",""
"https://www.syntheticswarm.ai/our-solution","header","lien_interne","Our solution","/our-solution","","","","","","","","aria-current=page","oui","non",""
"https://www.syntheticswarm.ai/our-solution","header","lien_interne","Pricing","/pricing","","","","","","","","","oui","non",""
"https://www.syntheticswarm.ai/our-solution","header","button+disclosure","About","","","","","button","","","nav-link-dropdown shared-chevron-trigger","aria-expanded=false aria-controls=header-about-options","oui","non",""
"https://www.syntheticswarm.ai/our-solution","header","lien_interne","Who we are","/about","","","","","","","","","non","non",""
"https://www.syntheticswarm.ai/our-solution","header","lien_interne","Careers","/careers","","","","","","","","","non","non",""
"https://www.syntheticswarm.ai/our-solution","header","pseudo_lien_desactive","Media","","","","","","","","nav-disabled","role=link aria-disabled=true","non","non",""
"https://www.syntheticswarm.ai/our-solution","header","button+disclosure","Choose language","","","","","button","","","language-trigger shared-chevron-trigger","aria-expanded=false aria-controls=header-language-options aria-label=Choose language","oui","non",""
"https://www.syntheticswarm.ai/our-solution","header","lien_interne+langue","EN","/our-solution","","","","","","","","aria-current=true","non","non",""
"https://www.syntheticswarm.ai/our-solution","header","lien_interne+langue","FR","/notre-solution","","","","","","","","","non","non",""
"https://www.syntheticswarm.ai/our-solution","header","lien_externe","Log in","https://app.syntheticswarm.ai/ui/","_blank","noopener noreferrer","","","","","btn-login header-action","","oui","non",""
"https://www.syntheticswarm.ai/our-solution","header","button+disclosure+demo","Demo","","","","","button","","","btn-get-started header-action","aria-expanded=false aria-controls=header-demo-options","oui","non",""
"https://www.syntheticswarm.ai/our-solution","header","lien_externe","AxelCEO↗","https://calendar.app.google/91k1Mpontca7NGea6","_blank","noopener noreferrer","","","","","demo-booking-person","","non","non",""
"https://www.syntheticswarm.ai/our-solution","header","lien_externe","IlanCTO↗","https://calendar.app.google/91k1Mpontca7NGea6","_blank","noopener noreferrer","","","","","demo-booking-person","","non","non",""
"https://www.syntheticswarm.ai/our-solution","header","button","Open menu","","","","","button","","","mobile-menu-toggle","aria-label=Open menu aria-controls=mobile-menu aria-expanded=false","non","oui",""
"https://www.syntheticswarm.ai/our-solution","main","lien_externe+demo","Book a demo","https://calendar.app.google/91k1Mpontca7NGea6","_blank","noopener noreferrer","","","","","btn-get-started","","oui","oui",""
"https://www.syntheticswarm.ai/our-solution","main","lien_interne","See pricing","/pricing","","","","","","","page-button page-button--secondary","","oui","oui",""
"https://www.syntheticswarm.ai/our-solution","main","lien_externe","LinkedIn ↗","https://www.linkedin.com/","_blank","noopener noreferrer","","","","","story-profile-linkedin","","oui","oui",""
"https://www.syntheticswarm.ai/our-solution","main","lien_externe+demo","Book a demo","https://calendar.app.google/91k1Mpontca7NGea6","_blank","noopener noreferrer","","","","","btn-get-started","","oui","oui",""
"https://www.syntheticswarm.ai/our-solution","main","lien_interne","See pricing","/pricing","","","","","","","page-button page-button--secondary","","oui","oui",""
"https://www.syntheticswarm.ai/our-solution","footer","lien_externe+demo","Book a demo","https://calendar.app.google/91k1Mpontca7NGea6","_blank","noopener noreferrer","","","","","btn-get-started","","oui","oui",""
"https://www.syntheticswarm.ai/our-solution","footer","lien_interne","Explore our solution →","/our-solution","","","","","","","brand-close-solution","","oui","oui",""
"https://www.syntheticswarm.ai/our-solution","footer","form","Newsletter","/api/newsletter","","","","","","","newsletter-form","aria-label=Newsletter","oui","oui","method=post action=/api/newsletter champs=email:email*|:submit|company_website:text"
"https://www.syntheticswarm.ai/our-solution","footer","input_email","Your email","","","","email","email","oui","","","aria-label=Your email","oui","oui",""
"https://www.syntheticswarm.ai/our-solution","footer","button","Subscribe","","","","","submit","","","","","oui","oui",""
"https://www.syntheticswarm.ai/our-solution","footer","input_text","","","","","company_website","text","","","newsletter-honeypot","aria-hidden=true","oui","oui",""
"https://www.syntheticswarm.ai/our-solution","footer","lien_interne","Synthetic Swarm","/","","","","","","","logo","","oui","oui",""
"https://www.syntheticswarm.ai/our-solution","footer","lien_externe","Log in","https://app.syntheticswarm.ai/ui/","_blank","noopener noreferrer","","","","","brand-close-login","","oui","oui",""
"https://www.syntheticswarm.ai/our-solution","footer","lien_interne","Our solution","/our-solution","","","","","","","","","oui","oui",""
"https://www.syntheticswarm.ai/our-solution","footer","lien_interne","Pricing","/pricing","","","","","","","","","oui","oui",""
"https://www.syntheticswarm.ai/our-solution","footer","lien_interne","FAQ","/faq","","","","","","","","","oui","oui",""
"https://www.syntheticswarm.ai/our-solution","footer","lien_interne","About","/about","","","","","","","","","oui","oui",""
"https://www.syntheticswarm.ai/our-solution","footer","pseudo_lien_desactive","Customers","","","","","","","","nav-disabled","role=link aria-disabled=true","oui","oui",""
"https://www.syntheticswarm.ai/our-solution","footer","lien_interne","Careers","/careers","","","","","","","","","oui","oui",""
"https://www.syntheticswarm.ai/our-solution","footer","pseudo_lien_desactive","Media","","","","","","","","nav-disabled","role=link aria-disabled=true","oui","oui",""
"https://www.syntheticswarm.ai/our-solution","footer","lien_interne","Contact","/contact","","","","","","","","","oui","oui",""
"https://www.syntheticswarm.ai/our-solution","footer","lien_interne","Legal Notice","/legal-notice","","","","","","","","","oui","oui",""
"https://www.syntheticswarm.ai/our-solution","footer","lien_interne","Privacy","/privacy","","","","","","","","","oui","oui",""
"https://www.syntheticswarm.ai/our-solution","footer","lien_interne","Terms","/terms","","","","","","","","","oui","oui",""
"https://www.syntheticswarm.ai/our-solution","footer","lien_interne","Opt out","/opt-out","","","","","","","","","oui","oui",""
"https://www.syntheticswarm.ai/our-solution","pastille_demo","lien_externe+demo","","https://calendar.app.google/91k1Mpontca7NGea6","_blank","noopener noreferrer","","","","","floating-demo-button","","non","non",""
"https://www.syntheticswarm.ai/our-solution","menu_mobile","button","Close menu","","","","","button","","","mobile-menu-close","aria-label=Close menu","non","non",""
"https://www.syntheticswarm.ai/our-solution","menu_mobile","lien_interne","","/our-solution","","","","","","","","aria-current=page","non","non",""
"https://www.syntheticswarm.ai/our-solution","menu_mobile","lien_interne","","/pricing","","","","","","","","","non","non",""
"https://www.syntheticswarm.ai/our-solution","menu_mobile","lien_interne","","/about","","","","","","","","","non","non",""
"https://www.syntheticswarm.ai/our-solution","menu_mobile","lien_interne","","/careers","","","","","","","","","non","non",""
"https://www.syntheticswarm.ai/our-solution","menu_mobile","pseudo_lien_desactive","","","","","","","","","nav-disabled","role=link aria-disabled=true","non","non",""
"https://www.syntheticswarm.ai/our-solution","menu_mobile","button+disclosure","Choose language","","","","","button","","","language-trigger shared-chevron-trigger","aria-expanded=false aria-controls=mobile-header-language-options aria-label=Choose language","non","non",""
"https://www.syntheticswarm.ai/our-solution","menu_mobile","lien_interne+langue","EN","/our-solution","","","","","","","","aria-current=true","non","non",""
"https://www.syntheticswarm.ai/our-solution","menu_mobile","lien_interne+langue","FR","/notre-solution","","","","","","","","","non","non",""
"https://www.syntheticswarm.ai/our-solution","menu_mobile","lien_externe","","https://app.syntheticswarm.ai/ui/","_blank","noopener noreferrer","","","","","btn-login header-action","","non","non",""
"https://www.syntheticswarm.ai/our-solution","menu_mobile","button+disclosure+demo","","","","","","button","","","btn-get-started header-action","aria-expanded=false aria-controls=mobile-header-demo-options","non","non",""
"https://www.syntheticswarm.ai/our-solution","menu_mobile","lien_externe","AxelCEO↗","https://calendar.app.google/91k1Mpontca7NGea6","_blank","noopener noreferrer","","","","","demo-booking-person","","non","non",""
"https://www.syntheticswarm.ai/our-solution","menu_mobile","lien_externe","IlanCTO↗","https://calendar.app.google/91k1Mpontca7NGea6","_blank","noopener noreferrer","","","","","demo-booking-person","","non","non",""
"https://www.syntheticswarm.ai/notre-solution","autre","ancre","Aller au contenu","#main","","","","","","","skip-link","","oui","oui",""
"https://www.syntheticswarm.ai/notre-solution","header","lien_interne","Synthetic Swarm","/index-fr","","","","","","","logo","","oui","oui",""
"https://www.syntheticswarm.ai/notre-solution","header","lien_interne","Notre solution","/notre-solution","","","","","","","","aria-current=page","oui","non",""
"https://www.syntheticswarm.ai/notre-solution","header","lien_interne","Tarifs","/tarifs","","","","","","","","","oui","non",""
"https://www.syntheticswarm.ai/notre-solution","header","button+disclosure","À propos","","","","","button","","","nav-link-dropdown shared-chevron-trigger","aria-expanded=false aria-controls=header-about-options","oui","non",""
"https://www.syntheticswarm.ai/notre-solution","header","lien_interne","Qui sommes-nous","/a-propos","","","","","","","","","non","non",""
"https://www.syntheticswarm.ai/notre-solution","header","lien_interne","Recrutement","/recrutement","","","","","","","","","non","non",""
"https://www.syntheticswarm.ai/notre-solution","header","pseudo_lien_desactive","Médias","","","","","","","","nav-disabled","role=link aria-disabled=true","non","non",""
"https://www.syntheticswarm.ai/notre-solution","header","button+disclosure","Choisir la langue","","","","","button","","","language-trigger shared-chevron-trigger","aria-expanded=false aria-controls=header-language-options aria-label=Choisir la langue","oui","non",""
"https://www.syntheticswarm.ai/notre-solution","header","lien_interne+langue","FR","/notre-solution","","","","","","","","aria-current=true","non","non",""
"https://www.syntheticswarm.ai/notre-solution","header","lien_interne+langue","EN","/our-solution","","","","","","","","","non","non",""
"https://www.syntheticswarm.ai/notre-solution","header","lien_externe","Connexion","https://app.syntheticswarm.ai/ui/","_blank","noopener noreferrer","","","","","btn-login header-action","","oui","non",""
"https://www.syntheticswarm.ai/notre-solution","header","button+disclosure+demo","Démo","","","","","button","","","btn-get-started header-action","aria-expanded=false aria-controls=header-demo-options","oui","non",""
"https://www.syntheticswarm.ai/notre-solution","header","lien_externe","AxelCEO↗","https://calendar.app.google/91k1Mpontca7NGea6","_blank","noopener noreferrer","","","","","demo-booking-person","","non","non",""
"https://www.syntheticswarm.ai/notre-solution","header","lien_externe","IlanCTO↗","https://calendar.app.google/91k1Mpontca7NGea6","_blank","noopener noreferrer","","","","","demo-booking-person","","non","non",""
"https://www.syntheticswarm.ai/notre-solution","header","button","Ouvrir le menu","","","","","button","","","mobile-menu-toggle","aria-label=Ouvrir le menu aria-controls=mobile-menu aria-expanded=false","non","oui",""
"https://www.syntheticswarm.ai/notre-solution","main","lien_externe+demo","Réserver une démo","https://calendar.app.google/91k1Mpontca7NGea6","_blank","noopener noreferrer","","","","","btn-get-started","","oui","oui",""
"https://www.syntheticswarm.ai/notre-solution","main","lien_interne","Voir les tarifs","/tarifs","","","","","","","page-button page-button--secondary","","oui","oui",""
"https://www.syntheticswarm.ai/notre-solution","main","lien_externe","LinkedIn ↗","https://www.linkedin.com/","_blank","noopener noreferrer","","","","","story-profile-linkedin","","oui","oui",""
"https://www.syntheticswarm.ai/notre-solution","main","lien_externe+demo","Réserver une démo","https://calendar.app.google/91k1Mpontca7NGea6","_blank","noopener noreferrer","","","","","btn-get-started","","oui","oui",""
"https://www.syntheticswarm.ai/notre-solution","main","lien_interne","Voir les tarifs","/tarifs","","","","","","","page-button page-button--secondary","","oui","oui",""
"https://www.syntheticswarm.ai/notre-solution","footer","lien_externe+demo","Réserver une démo","https://calendar.app.google/91k1Mpontca7NGea6","_blank","noopener noreferrer","","","","","btn-get-started","","oui","oui",""
"https://www.syntheticswarm.ai/notre-solution","footer","lien_interne","Voir notre solution →","/notre-solution","","","","","","","brand-close-solution","","oui","oui",""
"https://www.syntheticswarm.ai/notre-solution","footer","form","Newsletter","/api/newsletter","","","","","","","newsletter-form","aria-label=Newsletter","oui","oui","method=post action=/api/newsletter champs=email:email*|:submit|company_website:text"
"https://www.syntheticswarm.ai/notre-solution","footer","input_email","Votre email","","","","email","email","oui","","","aria-label=Votre email","oui","oui",""
"https://www.syntheticswarm.ai/notre-solution","footer","button","S’inscrire","","","","","submit","","","","","oui","oui",""
"https://www.syntheticswarm.ai/notre-solution","footer","input_text","","","","","company_website","text","","","newsletter-honeypot","aria-hidden=true","oui","oui",""
"https://www.syntheticswarm.ai/notre-solution","footer","lien_interne","Synthetic Swarm","/index-fr","","","","","","","logo","","oui","oui",""
"https://www.syntheticswarm.ai/notre-solution","footer","lien_externe","Se connecter","https://app.syntheticswarm.ai/ui/","_blank","noopener noreferrer","","","","","brand-close-login","","oui","oui",""
"https://www.syntheticswarm.ai/notre-solution","footer","lien_interne","Notre solution","/notre-solution","","","","","","","","","oui","oui",""
"https://www.syntheticswarm.ai/notre-solution","footer","lien_interne","Tarifs","/tarifs","","","","","","","","","oui","oui",""
"https://www.syntheticswarm.ai/notre-solution","footer","lien_interne","FAQ","/faq-fr","","","","","","","","","oui","oui",""
"https://www.syntheticswarm.ai/notre-solution","footer","lien_interne","À propos","/a-propos","","","","","","","","","oui","oui",""
"https://www.syntheticswarm.ai/notre-solution","footer","pseudo_lien_desactive","Nos clients","","","","","","","","nav-disabled","role=link aria-disabled=true","oui","oui",""
"https://www.syntheticswarm.ai/notre-solution","footer","lien_interne","Recrutement","/recrutement","","","","","","","","","oui","oui",""
"https://www.syntheticswarm.ai/notre-solution","footer","pseudo_lien_desactive","Médias","","","","","","","","nav-disabled","role=link aria-disabled=true","oui","oui",""
"https://www.syntheticswarm.ai/notre-solution","footer","lien_interne","Contact","/contact-fr","","","","","","","","","oui","oui",""
"https://www.syntheticswarm.ai/notre-solution","footer","lien_interne","Mentions légales","/mentions-legales","","","","","","","","","oui","oui",""
"https://www.syntheticswarm.ai/notre-solution","footer","lien_interne","Confidentialité","/confidentialite","","","","","","","","","oui","oui",""
"https://www.syntheticswarm.ai/notre-solution","footer","lien_interne","Conditions","/conditions","","","","","","","","","oui","oui",""
"https://www.syntheticswarm.ai/notre-solution","footer","lien_interne","Opposition","/opposition","","","","","","","","","oui","oui",""
"https://www.syntheticswarm.ai/notre-solution","pastille_demo","lien_externe+demo","","https://calendar.app.google/91k1Mpontca7NGea6","_blank","noopener noreferrer","","","","","floating-demo-button","","non","non",""
"https://www.syntheticswarm.ai/notre-solution","menu_mobile","button","Fermer le menu","","","","","button","","","mobile-menu-close","aria-label=Fermer le menu","non","non",""
"https://www.syntheticswarm.ai/notre-solution","menu_mobile","lien_interne","","/notre-solution","","","","","","","","aria-current=page","non","non",""
"https://www.syntheticswarm.ai/notre-solution","menu_mobile","lien_interne","","/tarifs","","","","","","","","","non","non",""
"https://www.syntheticswarm.ai/notre-solution","menu_mobile","lien_interne","","/a-propos","","","","","","","","","non","non",""
"https://www.syntheticswarm.ai/notre-solution","menu_mobile","lien_interne","","/recrutement","","","","","","","","","non","non",""
"https://www.syntheticswarm.ai/notre-solution","menu_mobile","pseudo_lien_desactive","","","","","","","","","nav-disabled","role=link aria-disabled=true","non","non",""
"https://www.syntheticswarm.ai/notre-solution","menu_mobile","button+disclosure","Choisir la langue","","","","","button","","","language-trigger shared-chevron-trigger","aria-expanded=false aria-controls=mobile-header-language-options aria-label=Choisir la langue","non","non",""
"https://www.syntheticswarm.ai/notre-solution","menu_mobile","lien_interne+langue","FR","/notre-solution","","","","","","","","aria-current=true","non","non",""
"https://www.syntheticswarm.ai/notre-solution","menu_mobile","lien_interne+langue","EN","/our-solution","","","","","","","","","non","non",""
"https://www.syntheticswarm.ai/notre-solution","menu_mobile","lien_externe","","https://app.syntheticswarm.ai/ui/","_blank","noopener noreferrer","","","","","btn-login header-action","","non","non",""
"https://www.syntheticswarm.ai/notre-solution","menu_mobile","button+disclosure+demo","","","","","","button","","","btn-get-started header-action","aria-expanded=false aria-controls=mobile-header-demo-options","non","non",""
"https://www.syntheticswarm.ai/notre-solution","menu_mobile","lien_externe","AxelCEO↗","https://calendar.app.google/91k1Mpontca7NGea6","_blank","noopener noreferrer","","","","","demo-booking-person","","non","non",""
"https://www.syntheticswarm.ai/notre-solution","menu_mobile","lien_externe","IlanCTO↗","https://calendar.app.google/91k1Mpontca7NGea6","_blank","noopener noreferrer","","","","","demo-booking-person","","non","non",""
"https://www.syntheticswarm.ai/pricing","autre","ancre","Skip to content","#main","","","","","","","skip-link","","oui","oui",""
"https://www.syntheticswarm.ai/pricing","header","lien_interne","Synthetic Swarm","/","","","","","","","logo","","oui","oui",""
"https://www.syntheticswarm.ai/pricing","header","lien_interne","Our solution","/our-solution","","","","","","","","","oui","non",""
"https://www.syntheticswarm.ai/pricing","header","lien_interne","Pricing","/pricing","","","","","","","","aria-current=page","oui","non",""
"https://www.syntheticswarm.ai/pricing","header","button+disclosure","About","","","","","button","","","nav-link-dropdown shared-chevron-trigger","aria-expanded=false aria-controls=header-about-options","oui","non",""
"https://www.syntheticswarm.ai/pricing","header","lien_interne","Who we are","/about","","","","","","","","","non","non",""
"https://www.syntheticswarm.ai/pricing","header","lien_interne","Careers","/careers","","","","","","","","","non","non",""
"https://www.syntheticswarm.ai/pricing","header","pseudo_lien_desactive","Media","","","","","","","","nav-disabled","role=link aria-disabled=true","non","non",""
"https://www.syntheticswarm.ai/pricing","header","button+disclosure","Choose language","","","","","button","","","language-trigger shared-chevron-trigger","aria-expanded=false aria-controls=header-language-options aria-label=Choose language","oui","non",""
"https://www.syntheticswarm.ai/pricing","header","lien_interne+langue","EN","/pricing","","","","","","","","aria-current=true","non","non",""
"https://www.syntheticswarm.ai/pricing","header","lien_interne+langue","FR","/tarifs","","","","","","","","","non","non",""
"https://www.syntheticswarm.ai/pricing","header","lien_externe","Log in","https://app.syntheticswarm.ai/ui/","_blank","noopener noreferrer","","","","","btn-login header-action","","oui","non",""
"https://www.syntheticswarm.ai/pricing","header","button+disclosure+demo","Demo","","","","","button","","","btn-get-started header-action","aria-expanded=false aria-controls=header-demo-options","oui","non",""
"https://www.syntheticswarm.ai/pricing","header","lien_externe","AxelCEO↗","https://calendar.app.google/91k1Mpontca7NGea6","_blank","noopener noreferrer","","","","","demo-booking-person","","non","non",""
"https://www.syntheticswarm.ai/pricing","header","lien_externe","IlanCTO↗","https://calendar.app.google/91k1Mpontca7NGea6","_blank","noopener noreferrer","","","","","demo-booking-person","","non","non",""
"https://www.syntheticswarm.ai/pricing","header","button","Open menu","","","","","button","","","mobile-menu-toggle","aria-label=Open menu aria-controls=mobile-menu aria-expanded=false","non","oui",""
"https://www.syntheticswarm.ai/pricing","main","input_range+curseur_volume","Leads per week","","","","","range","","","pricing-range","aria-valuetext=50 leads per week aria-label=Leads per week","oui","oui","min=0 max=5 value=2 step=1"
"https://www.syntheticswarm.ai/pricing","main","button+palier_prix","10","","","","","button","","","","aria-pressed=false","oui","oui",""
"https://www.syntheticswarm.ai/pricing","main","button+palier_prix","20","","","","","button","","","","aria-pressed=false","oui","oui",""
"https://www.syntheticswarm.ai/pricing","main","button+palier_prix","50","","","","","button","","","is-active","aria-pressed=true","oui","oui",""
"https://www.syntheticswarm.ai/pricing","main","button+palier_prix","100","","","","","button","","","","aria-pressed=false","oui","oui",""
"https://www.syntheticswarm.ai/pricing","main","button+palier_prix","200","","","","","button","","","","aria-pressed=false","oui","oui",""
"https://www.syntheticswarm.ai/pricing","main","button+palier_prix","200+","","","","","button","","","","aria-pressed=false","oui","oui",""
"https://www.syntheticswarm.ai/pricing","main","lien_externe","Choose this plan","https://app.syntheticswarm.ai/ui/","","","","","","","pricing-config-btn","","oui","oui",""
"https://www.syntheticswarm.ai/pricing","main","lien_externe+demo","","https://calendar.app.google/91k1Mpontca7NGea6","_blank","noopener noreferrer","","","","","btn-get-started pricing-config-btn","","non","non",""
"https://www.syntheticswarm.ai/pricing","main","details","How does it work in practice?","","","","","","","","pricing-faq-item","","oui","oui","open=false"
"https://www.syntheticswarm.ai/pricing","main","summary","How does it work in practice?","","","","","","","","","","oui","oui",""
"https://www.syntheticswarm.ai/pricing","main","details","What information do I get?","","","","","","","","pricing-faq-item","","oui","oui","open=false"
"https://www.syntheticswarm.ai/pricing","main","summary","What information do I get?","","","","","","","","","","oui","oui",""
"https://www.syntheticswarm.ai/pricing","main","details","Am I allowed to call these people?","","","","","","","","pricing-faq-item","","oui","oui","open=false"
"https://www.syntheticswarm.ai/pricing","main","summary","Am I allowed to call these people?","","","","","","","","","","oui","oui",""
"https://www.syntheticswarm.ai/pricing","footer","lien_externe+demo","Book a demo","https://calendar.app.google/91k1Mpontca7NGea6","_blank","noopener noreferrer","","","","","btn-get-started","","oui","oui",""
"https://www.syntheticswarm.ai/pricing","footer","lien_interne","Explore our solution →","/our-solution","","","","","","","brand-close-solution","","oui","oui",""
"https://www.syntheticswarm.ai/pricing","footer","form","Newsletter","/api/newsletter","","","","","","","newsletter-form","aria-label=Newsletter","oui","oui","method=post action=/api/newsletter champs=email:email*|:submit|company_website:text"
"https://www.syntheticswarm.ai/pricing","footer","input_email","Your email","","","","email","email","oui","","","aria-label=Your email","oui","oui",""
"https://www.syntheticswarm.ai/pricing","footer","button","Subscribe","","","","","submit","","","","","oui","oui",""
"https://www.syntheticswarm.ai/pricing","footer","input_text","","","","","company_website","text","","","newsletter-honeypot","aria-hidden=true","oui","oui",""
"https://www.syntheticswarm.ai/pricing","footer","lien_interne","Synthetic Swarm","/","","","","","","","logo","","oui","oui",""
"https://www.syntheticswarm.ai/pricing","footer","lien_externe","Log in","https://app.syntheticswarm.ai/ui/","_blank","noopener noreferrer","","","","","brand-close-login","","oui","oui",""
"https://www.syntheticswarm.ai/pricing","footer","lien_interne","Our solution","/our-solution","","","","","","","","","oui","oui",""
"https://www.syntheticswarm.ai/pricing","footer","lien_interne","Pricing","/pricing","","","","","","","","","oui","oui",""
"https://www.syntheticswarm.ai/pricing","footer","lien_interne","FAQ","/faq","","","","","","","","","oui","oui",""
"https://www.syntheticswarm.ai/pricing","footer","lien_interne","About","/about","","","","","","","","","oui","oui",""
"https://www.syntheticswarm.ai/pricing","footer","pseudo_lien_desactive","Customers","","","","","","","","nav-disabled","role=link aria-disabled=true","oui","oui",""
"https://www.syntheticswarm.ai/pricing","footer","lien_interne","Careers","/careers","","","","","","","","","oui","oui",""
"https://www.syntheticswarm.ai/pricing","footer","pseudo_lien_desactive","Media","","","","","","","","nav-disabled","role=link aria-disabled=true","oui","oui",""
"https://www.syntheticswarm.ai/pricing","footer","lien_interne","Contact","/contact","","","","","","","","","oui","oui",""
"https://www.syntheticswarm.ai/pricing","footer","lien_interne","Legal Notice","/legal-notice","","","","","","","","","oui","oui",""
"https://www.syntheticswarm.ai/pricing","footer","lien_interne","Privacy","/privacy","","","","","","","","","oui","oui",""
"https://www.syntheticswarm.ai/pricing","footer","lien_interne","Terms","/terms","","","","","","","","","oui","oui",""
"https://www.syntheticswarm.ai/pricing","footer","lien_interne","Opt out","/opt-out","","","","","","","","","oui","oui",""
"https://www.syntheticswarm.ai/pricing","menu_mobile","button","Close menu","","","","","button","","","mobile-menu-close","aria-label=Close menu","non","non",""
"https://www.syntheticswarm.ai/pricing","menu_mobile","lien_interne","","/our-solution","","","","","","","","","non","non",""
"https://www.syntheticswarm.ai/pricing","menu_mobile","lien_interne","","/pricing","","","","","","","","aria-current=page","non","non",""
"https://www.syntheticswarm.ai/pricing","menu_mobile","lien_interne","","/about","","","","","","","","","non","non",""
"https://www.syntheticswarm.ai/pricing","menu_mobile","lien_interne","","/careers","","","","","","","","","non","non",""
"https://www.syntheticswarm.ai/pricing","menu_mobile","pseudo_lien_desactive","","","","","","","","","nav-disabled","role=link aria-disabled=true","non","non",""
"https://www.syntheticswarm.ai/pricing","menu_mobile","button+disclosure","Choose language","","","","","button","","","language-trigger shared-chevron-trigger","aria-expanded=false aria-controls=mobile-header-language-options aria-label=Choose language","non","non",""
"https://www.syntheticswarm.ai/pricing","menu_mobile","lien_interne+langue","EN","/pricing","","","","","","","","aria-current=true","non","non",""
"https://www.syntheticswarm.ai/pricing","menu_mobile","lien_interne+langue","FR","/tarifs","","","","","","","","","non","non",""
"https://www.syntheticswarm.ai/pricing","menu_mobile","lien_externe","","https://app.syntheticswarm.ai/ui/","_blank","noopener noreferrer","","","","","btn-login header-action","","non","non",""
"https://www.syntheticswarm.ai/pricing","menu_mobile","button+disclosure+demo","","","","","","button","","","btn-get-started header-action","aria-expanded=false aria-controls=mobile-header-demo-options","non","non",""
"https://www.syntheticswarm.ai/pricing","menu_mobile","lien_externe","AxelCEO↗","https://calendar.app.google/91k1Mpontca7NGea6","_blank","noopener noreferrer","","","","","demo-booking-person","","non","non",""
"https://www.syntheticswarm.ai/pricing","menu_mobile","lien_externe","IlanCTO↗","https://calendar.app.google/91k1Mpontca7NGea6","_blank","noopener noreferrer","","","","","demo-booking-person","","non","non",""
"https://www.syntheticswarm.ai/tarifs","autre","ancre","Aller au contenu","#main","","","","","","","skip-link","","oui","oui",""
"https://www.syntheticswarm.ai/tarifs","header","lien_interne","Synthetic Swarm","/index-fr","","","","","","","logo","","oui","oui",""
"https://www.syntheticswarm.ai/tarifs","header","lien_interne","Notre solution","/notre-solution","","","","","","","","","oui","non",""
"https://www.syntheticswarm.ai/tarifs","header","lien_interne","Tarifs","/tarifs","","","","","","","","aria-current=page","oui","non",""
"https://www.syntheticswarm.ai/tarifs","header","button+disclosure","À propos","","","","","button","","","nav-link-dropdown shared-chevron-trigger","aria-expanded=false aria-controls=header-about-options","oui","non",""
"https://www.syntheticswarm.ai/tarifs","header","lien_interne","Qui sommes-nous","/a-propos","","","","","","","","","non","non",""
"https://www.syntheticswarm.ai/tarifs","header","lien_interne","Recrutement","/recrutement","","","","","","","","","non","non",""
"https://www.syntheticswarm.ai/tarifs","header","pseudo_lien_desactive","Médias","","","","","","","","nav-disabled","role=link aria-disabled=true","non","non",""
"https://www.syntheticswarm.ai/tarifs","header","button+disclosure","Choisir la langue","","","","","button","","","language-trigger shared-chevron-trigger","aria-expanded=false aria-controls=header-language-options aria-label=Choisir la langue","oui","non",""
"https://www.syntheticswarm.ai/tarifs","header","lien_interne+langue","FR","/tarifs","","","","","","","","aria-current=true","non","non",""
"https://www.syntheticswarm.ai/tarifs","header","lien_interne+langue","EN","/pricing","","","","","","","","","non","non",""
"https://www.syntheticswarm.ai/tarifs","header","lien_externe","Connexion","https://app.syntheticswarm.ai/ui/","_blank","noopener noreferrer","","","","","btn-login header-action","","oui","non",""
"https://www.syntheticswarm.ai/tarifs","header","button+disclosure+demo","Démo","","","","","button","","","btn-get-started header-action","aria-expanded=false aria-controls=header-demo-options","oui","non",""
"https://www.syntheticswarm.ai/tarifs","header","lien_externe","AxelCEO↗","https://calendar.app.google/91k1Mpontca7NGea6","_blank","noopener noreferrer","","","","","demo-booking-person","","non","non",""
"https://www.syntheticswarm.ai/tarifs","header","lien_externe","IlanCTO↗","https://calendar.app.google/91k1Mpontca7NGea6","_blank","noopener noreferrer","","","","","demo-booking-person","","non","non",""
"https://www.syntheticswarm.ai/tarifs","header","button","Ouvrir le menu","","","","","button","","","mobile-menu-toggle","aria-label=Ouvrir le menu aria-controls=mobile-menu aria-expanded=false","non","oui",""
"https://www.syntheticswarm.ai/tarifs","main","input_range+curseur_volume","Leads par semaine","","","","","range","","","pricing-range","aria-valuetext=50 leads par semaine aria-label=Leads par semaine","oui","oui","min=0 max=5 value=2 step=1"
"https://www.syntheticswarm.ai/tarifs","main","button+palier_prix","10","","","","","button","","","","aria-pressed=false","oui","oui",""
"https://www.syntheticswarm.ai/tarifs","main","button+palier_prix","20","","","","","button","","","","aria-pressed=false","oui","oui",""
"https://www.syntheticswarm.ai/tarifs","main","button+palier_prix","50","","","","","button","","","is-active","aria-pressed=true","oui","oui",""
"https://www.syntheticswarm.ai/tarifs","main","button+palier_prix","100","","","","","button","","","","aria-pressed=false","oui","oui",""
"https://www.syntheticswarm.ai/tarifs","main","button+palier_prix","200","","","","","button","","","","aria-pressed=false","oui","oui",""
"https://www.syntheticswarm.ai/tarifs","main","button+palier_prix","200+","","","","","button","","","","aria-pressed=false","oui","oui",""
"https://www.syntheticswarm.ai/tarifs","main","lien_externe","Choisir ce forfait","https://app.syntheticswarm.ai/ui/","","","","","","","pricing-config-btn","","oui","oui",""
"https://www.syntheticswarm.ai/tarifs","main","lien_externe+demo","","https://calendar.app.google/91k1Mpontca7NGea6","_blank","noopener noreferrer","","","","","btn-get-started pricing-config-btn","","non","non",""
"https://www.syntheticswarm.ai/tarifs","main","details","Comment ça marche concrètement ?","","","","","","","","pricing-faq-item","","oui","oui","open=false"
"https://www.syntheticswarm.ai/tarifs","main","summary","Comment ça marche concrètement ?","","","","","","","","","","oui","oui",""
"https://www.syntheticswarm.ai/tarifs","main","details","Quelles informations j'obtiens ?","","","","","","","","pricing-faq-item","","oui","oui","open=false"
"https://www.syntheticswarm.ai/tarifs","main","summary","Quelles informations j'obtiens ?","","","","","","","","","","oui","oui",""
"https://www.syntheticswarm.ai/tarifs","main","details","Est-ce que j'ai le droit d'appeler ces personnes ?","","","","","","","","pricing-faq-item","","oui","oui","open=false"
"https://www.syntheticswarm.ai/tarifs","main","summary","Est-ce que j'ai le droit d'appeler ces personnes ?","","","","","","","","","","oui","oui",""
"https://www.syntheticswarm.ai/tarifs","footer","lien_externe+demo","Réserver une démo","https://calendar.app.google/91k1Mpontca7NGea6","_blank","noopener noreferrer","","","","","btn-get-started","","oui","oui",""
"https://www.syntheticswarm.ai/tarifs","footer","lien_interne","Voir notre solution →","/notre-solution","","","","","","","brand-close-solution","","oui","oui",""
"https://www.syntheticswarm.ai/tarifs","footer","form","Newsletter","/api/newsletter","","","","","","","newsletter-form","aria-label=Newsletter","oui","oui","method=post action=/api/newsletter champs=email:email*|:submit|company_website:text"
"https://www.syntheticswarm.ai/tarifs","footer","input_email","Votre email","","","","email","email","oui","","","aria-label=Votre email","oui","oui",""
"https://www.syntheticswarm.ai/tarifs","footer","button","S’inscrire","","","","","submit","","","","","oui","oui",""
"https://www.syntheticswarm.ai/tarifs","footer","input_text","","","","","company_website","text","","","newsletter-honeypot","aria-hidden=true","oui","oui",""
"https://www.syntheticswarm.ai/tarifs","footer","lien_interne","Synthetic Swarm","/index-fr","","","","","","","logo","","oui","oui",""
"https://www.syntheticswarm.ai/tarifs","footer","lien_externe","Se connecter","https://app.syntheticswarm.ai/ui/","_blank","noopener noreferrer","","","","","brand-close-login","","oui","oui",""
"https://www.syntheticswarm.ai/tarifs","footer","lien_interne","Notre solution","/notre-solution","","","","","","","","","oui","oui",""
"https://www.syntheticswarm.ai/tarifs","footer","lien_interne","Tarifs","/tarifs","","","","","","","","","oui","oui",""
"https://www.syntheticswarm.ai/tarifs","footer","lien_interne","FAQ","/faq-fr","","","","","","","","","oui","oui",""
"https://www.syntheticswarm.ai/tarifs","footer","lien_interne","À propos","/a-propos","","","","","","","","","oui","oui",""
"https://www.syntheticswarm.ai/tarifs","footer","pseudo_lien_desactive","Nos clients","","","","","","","","nav-disabled","role=link aria-disabled=true","oui","oui",""
"https://www.syntheticswarm.ai/tarifs","footer","lien_interne","Recrutement","/recrutement","","","","","","","","","oui","oui",""
"https://www.syntheticswarm.ai/tarifs","footer","pseudo_lien_desactive","Médias","","","","","","","","nav-disabled","role=link aria-disabled=true","oui","oui",""
"https://www.syntheticswarm.ai/tarifs","footer","lien_interne","Contact","/contact-fr","","","","","","","","","oui","oui",""
"https://www.syntheticswarm.ai/tarifs","footer","lien_interne","Mentions légales","/mentions-legales","","","","","","","","","oui","oui",""
"https://www.syntheticswarm.ai/tarifs","footer","lien_interne","Confidentialité","/confidentialite","","","","","","","","","oui","oui",""
"https://www.syntheticswarm.ai/tarifs","footer","lien_interne","Conditions","/conditions","","","","","","","","","oui","oui",""
"https://www.syntheticswarm.ai/tarifs","footer","lien_interne","Opposition","/opposition","","","","","","","","","oui","oui",""
"https://www.syntheticswarm.ai/tarifs","menu_mobile","button","Fermer le menu","","","","","button","","","mobile-menu-close","aria-label=Fermer le menu","non","non",""
"https://www.syntheticswarm.ai/tarifs","menu_mobile","lien_interne","","/notre-solution","","","","","","","","","non","non",""
"https://www.syntheticswarm.ai/tarifs","menu_mobile","lien_interne","","/tarifs","","","","","","","","aria-current=page","non","non",""
"https://www.syntheticswarm.ai/tarifs","menu_mobile","lien_interne","","/a-propos","","","","","","","","","non","non",""
"https://www.syntheticswarm.ai/tarifs","menu_mobile","lien_interne","","/recrutement","","","","","","","","","non","non",""
"https://www.syntheticswarm.ai/tarifs","menu_mobile","pseudo_lien_desactive","","","","","","","","","nav-disabled","role=link aria-disabled=true","non","non",""
"https://www.syntheticswarm.ai/tarifs","menu_mobile","button+disclosure","Choisir la langue","","","","","button","","","language-trigger shared-chevron-trigger","aria-expanded=false aria-controls=mobile-header-language-options aria-label=Choisir la langue","non","non",""
"https://www.syntheticswarm.ai/tarifs","menu_mobile","lien_interne+langue","FR","/tarifs","","","","","","","","aria-current=true","non","non",""
"https://www.syntheticswarm.ai/tarifs","menu_mobile","lien_interne+langue","EN","/pricing","","","","","","","","","non","non",""
"https://www.syntheticswarm.ai/tarifs","menu_mobile","lien_externe","","https://app.syntheticswarm.ai/ui/","_blank","noopener noreferrer","","","","","btn-login header-action","","non","non",""
"https://www.syntheticswarm.ai/tarifs","menu_mobile","button+disclosure+demo","","","","","","button","","","btn-get-started header-action","aria-expanded=false aria-controls=mobile-header-demo-options","non","non",""
"https://www.syntheticswarm.ai/tarifs","menu_mobile","lien_externe","AxelCEO↗","https://calendar.app.google/91k1Mpontca7NGea6","_blank","noopener noreferrer","","","","","demo-booking-person","","non","non",""
"https://www.syntheticswarm.ai/tarifs","menu_mobile","lien_externe","IlanCTO↗","https://calendar.app.google/91k1Mpontca7NGea6","_blank","noopener noreferrer","","","","","demo-booking-person","","non","non",""
"https://www.syntheticswarm.ai/faq","autre","ancre","Skip to content","#main","","","","","","","skip-link","","oui","oui",""
"https://www.syntheticswarm.ai/faq","header","lien_interne","Synthetic Swarm","/","","","","","","","logo","","oui","oui",""
"https://www.syntheticswarm.ai/faq","header","lien_interne","Our solution","/our-solution","","","","","","","","","oui","non",""
"https://www.syntheticswarm.ai/faq","header","lien_interne","Pricing","/pricing","","","","","","","","","oui","non",""
"https://www.syntheticswarm.ai/faq","header","button+disclosure","About","","","","","button","","","nav-link-dropdown shared-chevron-trigger","aria-expanded=false aria-controls=header-about-options","oui","non",""
"https://www.syntheticswarm.ai/faq","header","lien_interne","Who we are","/about","","","","","","","","","non","non",""
"https://www.syntheticswarm.ai/faq","header","lien_interne","Careers","/careers","","","","","","","","","non","non",""
"https://www.syntheticswarm.ai/faq","header","pseudo_lien_desactive","Media","","","","","","","","nav-disabled","role=link aria-disabled=true","non","non",""
"https://www.syntheticswarm.ai/faq","header","button+disclosure","Choose language","","","","","button","","","language-trigger shared-chevron-trigger","aria-expanded=false aria-controls=header-language-options aria-label=Choose language","oui","non",""
"https://www.syntheticswarm.ai/faq","header","lien_interne+langue","EN","/faq","","","","","","","","aria-current=true","non","non",""
"https://www.syntheticswarm.ai/faq","header","lien_interne+langue","FR","/faq-fr","","","","","","","","","non","non",""
"https://www.syntheticswarm.ai/faq","header","lien_externe","Log in","https://app.syntheticswarm.ai/ui/","_blank","noopener noreferrer","","","","","btn-login header-action","","oui","non",""
"https://www.syntheticswarm.ai/faq","header","button+disclosure+demo","Demo","","","","","button","","","btn-get-started header-action","aria-expanded=false aria-controls=header-demo-options","oui","non",""
"https://www.syntheticswarm.ai/faq","header","lien_externe","AxelCEO↗","https://calendar.app.google/91k1Mpontca7NGea6","_blank","noopener noreferrer","","","","","demo-booking-person","","non","non",""
"https://www.syntheticswarm.ai/faq","header","lien_externe","IlanCTO↗","https://calendar.app.google/91k1Mpontca7NGea6","_blank","noopener noreferrer","","","","","demo-booking-person","","non","non",""
"https://www.syntheticswarm.ai/faq","header","button","Open menu","","","","","button","","","mobile-menu-toggle","aria-label=Open menu aria-controls=mobile-menu aria-expanded=false","non","oui",""
"https://www.syntheticswarm.ai/faq","main","details","Product How does it work in practice?","","","","","","","","site-faq","","oui","oui","open=false"
"https://www.syntheticswarm.ai/faq","main","summary","Product How does it work in practice?","","","","","","","","","","oui","oui",""
"https://www.syntheticswarm.ai/faq","main","details","Data What information do I get?","","","","","","","","site-faq","","oui","oui","open=false"
"https://www.syntheticswarm.ai/faq","main","summary","Data What information do I get?","","","","","","","","","","oui","oui",""
"https://www.syntheticswarm.ai/faq","main","details","Signals What exactly is a signal?","","","","","","","","site-faq","","oui","oui","open=false"
"https://www.syntheticswarm.ai/faq","main","summary","Signals What exactly is a signal?","","","","","","","","","","oui","oui",""
"https://www.syntheticswarm.ai/faq","main","details","Contact details Is the phone number the executive's own?","","","","","","","","site-faq","","oui","oui","open=false"
"https://www.syntheticswarm.ai/faq","main","summary","Contact details Is the phone number the executive's own?","","","","","","","","","","oui","oui",""
"https://www.syntheticswarm.ai/faq","main","details","Targeting Can I specify professions and my geographic area?","","","","","","","","site-faq","","oui","oui","open=false"
"https://www.syntheticswarm.ai/faq","main","summary","Targeting Can I specify professions and my geographic area?","","","","","","","","","","oui","oui",""
"https://www.syntheticswarm.ai/faq","main","details","Exclusivity Do other clients receive the same records as me?","","","","","","","","site-faq","","oui","oui","open=false"
"https://www.syntheticswarm.ai/faq","main","summary","Exclusivity Do other clients receive the same records as me?","","","","","","","","","","oui","oui",""
"https://www.syntheticswarm.ai/faq","main","details","Delivery How often are records delivered?","","","","","","","","site-faq","","oui","oui","open=false"
"https://www.syntheticswarm.ai/faq","main","summary","Delivery How often are records delivered?","","","","","","","","","","oui","oui",""
"https://www.syntheticswarm.ai/faq","main","details","Getting started How soon will I receive my first delivery?","","","","","","","","site-faq","","oui","oui","open=false"
"https://www.syntheticswarm.ai/faq","main","summary","Getting started How soon will I receive my first delivery?","","","","","","","","","","oui","oui",""
"https://www.syntheticswarm.ai/faq","main","details","Adjustments What if the records do not match what I am looking for?","","","","","","","","site-faq","","oui","oui","open=false"
"https://www.syntheticswarm.ai/faq","main","summary","Adjustments What if the records do not match what I am looking for?","","","","","","","","","","oui","oui",""
"https://www.syntheticswarm.ai/faq","main","details","Prospecting Am I allowed to call these people?","","","","","","","","site-faq","","oui","oui","open=false"
"https://www.syntheticswarm.ai/faq","main","summary","Prospecting Am I allowed to call these people?","","","","","","","","","","oui","oui",""
"https://www.syntheticswarm.ai/faq","main","lien_interne","Contact the team","/contact","","","","","","","page-button","","oui","oui",""
"https://www.syntheticswarm.ai/faq","footer","lien_externe+demo","Book a demo","https://calendar.app.google/91k1Mpontca7NGea6","_blank","noopener noreferrer","","","","","btn-get-started","","oui","oui",""
"https://www.syntheticswarm.ai/faq","footer","lien_interne","Explore our solution →","/our-solution","","","","","","","brand-close-solution","","oui","oui",""
"https://www.syntheticswarm.ai/faq","footer","form","Newsletter","/api/newsletter","","","","","","","newsletter-form","aria-label=Newsletter","oui","oui","method=post action=/api/newsletter champs=email:email*|:submit|company_website:text"
"https://www.syntheticswarm.ai/faq","footer","input_email","Your email","","","","email","email","oui","","","aria-label=Your email","oui","oui",""
"https://www.syntheticswarm.ai/faq","footer","button","Subscribe","","","","","submit","","","","","oui","oui",""
"https://www.syntheticswarm.ai/faq","footer","input_text","","","","","company_website","text","","","newsletter-honeypot","aria-hidden=true","oui","oui",""
"https://www.syntheticswarm.ai/faq","footer","lien_interne","Synthetic Swarm","/","","","","","","","logo","","oui","oui",""
"https://www.syntheticswarm.ai/faq","footer","lien_externe","Log in","https://app.syntheticswarm.ai/ui/","_blank","noopener noreferrer","","","","","brand-close-login","","oui","oui",""
"https://www.syntheticswarm.ai/faq","footer","lien_interne","Our solution","/our-solution","","","","","","","","","oui","oui",""
"https://www.syntheticswarm.ai/faq","footer","lien_interne","Pricing","/pricing","","","","","","","","","oui","oui",""
"https://www.syntheticswarm.ai/faq","footer","lien_interne","FAQ","/faq","","","","","","","","","oui","oui",""
"https://www.syntheticswarm.ai/faq","footer","lien_interne","About","/about","","","","","","","","","oui","oui",""
"https://www.syntheticswarm.ai/faq","footer","pseudo_lien_desactive","Customers","","","","","","","","nav-disabled","role=link aria-disabled=true","oui","oui",""
"https://www.syntheticswarm.ai/faq","footer","lien_interne","Careers","/careers","","","","","","","","","oui","oui",""
"https://www.syntheticswarm.ai/faq","footer","pseudo_lien_desactive","Media","","","","","","","","nav-disabled","role=link aria-disabled=true","oui","oui",""
"https://www.syntheticswarm.ai/faq","footer","lien_interne","Contact","/contact","","","","","","","","","oui","oui",""
"https://www.syntheticswarm.ai/faq","footer","lien_interne","Legal Notice","/legal-notice","","","","","","","","","oui","oui",""
"https://www.syntheticswarm.ai/faq","footer","lien_interne","Privacy","/privacy","","","","","","","","","oui","oui",""
"https://www.syntheticswarm.ai/faq","footer","lien_interne","Terms","/terms","","","","","","","","","oui","oui",""
"https://www.syntheticswarm.ai/faq","footer","lien_interne","Opt out","/opt-out","","","","","","","","","oui","oui",""
"https://www.syntheticswarm.ai/faq","menu_mobile","button","Close menu","","","","","button","","","mobile-menu-close","aria-label=Close menu","non","non",""
"https://www.syntheticswarm.ai/faq","menu_mobile","lien_interne","","/our-solution","","","","","","","","","non","non",""
"https://www.syntheticswarm.ai/faq","menu_mobile","lien_interne","","/pricing","","","","","","","","","non","non",""
"https://www.syntheticswarm.ai/faq","menu_mobile","lien_interne","","/about","","","","","","","","","non","non",""
"https://www.syntheticswarm.ai/faq","menu_mobile","lien_interne","","/careers","","","","","","","","","non","non",""
"https://www.syntheticswarm.ai/faq","menu_mobile","pseudo_lien_desactive","","","","","","","","","nav-disabled","role=link aria-disabled=true","non","non",""
"https://www.syntheticswarm.ai/faq","menu_mobile","button+disclosure","Choose language","","","","","button","","","language-trigger shared-chevron-trigger","aria-expanded=false aria-controls=mobile-header-language-options aria-label=Choose language","non","non",""
"https://www.syntheticswarm.ai/faq","menu_mobile","lien_interne+langue","EN","/faq","","","","","","","","aria-current=true","non","non",""
"https://www.syntheticswarm.ai/faq","menu_mobile","lien_interne+langue","FR","/faq-fr","","","","","","","","","non","non",""
"https://www.syntheticswarm.ai/faq","menu_mobile","lien_externe","","https://app.syntheticswarm.ai/ui/","_blank","noopener noreferrer","","","","","btn-login header-action","","non","non",""
"https://www.syntheticswarm.ai/faq","menu_mobile","button+disclosure+demo","","","","","","button","","","btn-get-started header-action","aria-expanded=false aria-controls=mobile-header-demo-options","non","non",""
"https://www.syntheticswarm.ai/faq","menu_mobile","lien_externe","AxelCEO↗","https://calendar.app.google/91k1Mpontca7NGea6","_blank","noopener noreferrer","","","","","demo-booking-person","","non","non",""
"https://www.syntheticswarm.ai/faq","menu_mobile","lien_externe","IlanCTO↗","https://calendar.app.google/91k1Mpontca7NGea6","_blank","noopener noreferrer","","","","","demo-booking-person","","non","non",""
"https://www.syntheticswarm.ai/faq-fr","autre","ancre","Aller au contenu","#main","","","","","","","skip-link","","oui","oui",""
"https://www.syntheticswarm.ai/faq-fr","header","lien_interne","Synthetic Swarm","/index-fr","","","","","","","logo","","oui","oui",""
"https://www.syntheticswarm.ai/faq-fr","header","lien_interne","Notre solution","/notre-solution","","","","","","","","","oui","non",""
"https://www.syntheticswarm.ai/faq-fr","header","lien_interne","Tarifs","/tarifs","","","","","","","","","oui","non",""
"https://www.syntheticswarm.ai/faq-fr","header","button+disclosure","À propos","","","","","button","","","nav-link-dropdown shared-chevron-trigger","aria-expanded=false aria-controls=header-about-options","oui","non",""
"https://www.syntheticswarm.ai/faq-fr","header","lien_interne","Qui sommes-nous","/a-propos","","","","","","","","","non","non",""
"https://www.syntheticswarm.ai/faq-fr","header","lien_interne","Recrutement","/recrutement","","","","","","","","","non","non",""
"https://www.syntheticswarm.ai/faq-fr","header","pseudo_lien_desactive","Médias","","","","","","","","nav-disabled","role=link aria-disabled=true","non","non",""
"https://www.syntheticswarm.ai/faq-fr","header","button+disclosure","Choisir la langue","","","","","button","","","language-trigger shared-chevron-trigger","aria-expanded=false aria-controls=header-language-options aria-label=Choisir la langue","oui","non",""
"https://www.syntheticswarm.ai/faq-fr","header","lien_interne+langue","FR","/faq-fr","","","","","","","","aria-current=true","non","non",""
"https://www.syntheticswarm.ai/faq-fr","header","lien_interne+langue","EN","/faq","","","","","","","","","non","non",""
"https://www.syntheticswarm.ai/faq-fr","header","lien_externe","Connexion","https://app.syntheticswarm.ai/ui/","_blank","noopener noreferrer","","","","","btn-login header-action","","oui","non",""
"https://www.syntheticswarm.ai/faq-fr","header","button+disclosure+demo","Démo","","","","","button","","","btn-get-started header-action","aria-expanded=false aria-controls=header-demo-options","oui","non",""
"https://www.syntheticswarm.ai/faq-fr","header","lien_externe","AxelCEO↗","https://calendar.app.google/91k1Mpontca7NGea6","_blank","noopener noreferrer","","","","","demo-booking-person","","non","non",""
"https://www.syntheticswarm.ai/faq-fr","header","lien_externe","IlanCTO↗","https://calendar.app.google/91k1Mpontca7NGea6","_blank","noopener noreferrer","","","","","demo-booking-person","","non","non",""
"https://www.syntheticswarm.ai/faq-fr","header","button","Ouvrir le menu","","","","","button","","","mobile-menu-toggle","aria-label=Ouvrir le menu aria-controls=mobile-menu aria-expanded=false","non","oui",""
"https://www.syntheticswarm.ai/faq-fr","main","details","Produit Comment ça marche concrètement ?","","","","","","","","site-faq","","oui","oui","open=false"
"https://www.syntheticswarm.ai/faq-fr","main","summary","Produit Comment ça marche concrètement ?","","","","","","","","","","oui","oui",""
"https://www.syntheticswarm.ai/faq-fr","main","details","Données Quelles informations j'obtiens ?","","","","","","","","site-faq","","oui","oui","open=false"
"https://www.syntheticswarm.ai/faq-fr","main","summary","Données Quelles informations j'obtiens ?","","","","","","","","","","oui","oui",""
"https://www.syntheticswarm.ai/faq-fr","main","details","Signal C'est quoi un signal, concrètement ?","","","","","","","","site-faq","","oui","oui","open=false"
"https://www.syntheticswarm.ai/faq-fr","main","summary","Signal C'est quoi un signal, concrètement ?","","","","","","","","","","oui","oui",""
"https://www.syntheticswarm.ai/faq-fr","main","details","Contact Le numéro est-il celui du dirigeant ?","","","","","","","","site-faq","","oui","oui","open=false"
"https://www.syntheticswarm.ai/faq-fr","main","summary","Contact Le numéro est-il celui du dirigeant ?","","","","","","","","","","oui","oui",""
"https://www.syntheticswarm.ai/faq-fr","main","details","Ciblage Puis-je préciser les métiers et ma zone géographique ?","","","","","","","","site-faq","","oui","oui","open=false"
"https://www.syntheticswarm.ai/faq-fr","main","summary","Ciblage Puis-je préciser les métiers et ma zone géographique ?","","","","","","","","","","oui","oui",""
"https://www.syntheticswarm.ai/faq-fr","main","details","Exclusivité Est-ce que d'autres reçoivent les mêmes fiches que moi ?","","","","","","","","site-faq","","oui","oui","open=false"
"https://www.syntheticswarm.ai/faq-fr","main","summary","Exclusivité Est-ce que d'autres reçoivent les mêmes fiches que moi ?","","","","","","","","","","oui","oui",""
"https://www.syntheticswarm.ai/faq-fr","main","details","Livraison À quelle fréquence les fiches sont-elles envoyées ?","","","","","","","","site-faq","","oui","oui","open=false"
"https://www.syntheticswarm.ai/faq-fr","main","summary","Livraison À quelle fréquence les fiches sont-elles envoyées ?","","","","","","","","","","oui","oui",""
"https://www.syntheticswarm.ai/faq-fr","main","details","Mise en service Combien de temps avant ma première livraison ?","","","","","","","","site-faq","","oui","oui","open=false"
"https://www.syntheticswarm.ai/faq-fr","main","summary","Mise en service Combien de temps avant ma première livraison ?","","","","","","","","","","oui","oui",""
"https://www.syntheticswarm.ai/faq-fr","main","details","Ajustement Et si les fiches ne correspondent pas à ce que je cherche ?","","","","","","","","site-faq","","oui","oui","open=false"
"https://www.syntheticswarm.ai/faq-fr","main","summary","Ajustement Et si les fiches ne correspondent pas à ce que je cherche ?","","","","","","","","","","oui","oui",""
"https://www.syntheticswarm.ai/faq-fr","main","details","Prospection Est-ce que j'ai le droit d'appeler ces personnes ?","","","","","","","","site-faq","","oui","oui","open=false"
"https://www.syntheticswarm.ai/faq-fr","main","summary","Prospection Est-ce que j'ai le droit d'appeler ces personnes ?","","","","","","","","","","oui","oui",""
"https://www.syntheticswarm.ai/faq-fr","main","lien_interne","Contacter l’équipe","/contact-fr","","","","","","","page-button","","oui","oui",""
"https://www.syntheticswarm.ai/faq-fr","footer","lien_externe+demo","Réserver une démo","https://calendar.app.google/91k1Mpontca7NGea6","_blank","noopener noreferrer","","","","","btn-get-started","","oui","oui",""
"https://www.syntheticswarm.ai/faq-fr","footer","lien_interne","Voir notre solution →","/notre-solution","","","","","","","brand-close-solution","","oui","oui",""
"https://www.syntheticswarm.ai/faq-fr","footer","form","Newsletter","/api/newsletter","","","","","","","newsletter-form","aria-label=Newsletter","oui","oui","method=post action=/api/newsletter champs=email:email*|:submit|company_website:text"
"https://www.syntheticswarm.ai/faq-fr","footer","input_email","Votre email","","","","email","email","oui","","","aria-label=Votre email","oui","oui",""
"https://www.syntheticswarm.ai/faq-fr","footer","button","S’inscrire","","","","","submit","","","","","oui","oui",""
"https://www.syntheticswarm.ai/faq-fr","footer","input_text","","","","","company_website","text","","","newsletter-honeypot","aria-hidden=true","oui","oui",""
"https://www.syntheticswarm.ai/faq-fr","footer","lien_interne","Synthetic Swarm","/index-fr","","","","","","","logo","","oui","oui",""
"https://www.syntheticswarm.ai/faq-fr","footer","lien_externe","Se connecter","https://app.syntheticswarm.ai/ui/","_blank","noopener noreferrer","","","","","brand-close-login","","oui","oui",""
"https://www.syntheticswarm.ai/faq-fr","footer","lien_interne","Notre solution","/notre-solution","","","","","","","","","oui","oui",""
"https://www.syntheticswarm.ai/faq-fr","footer","lien_interne","Tarifs","/tarifs","","","","","","","","","oui","oui",""
"https://www.syntheticswarm.ai/faq-fr","footer","lien_interne","FAQ","/faq-fr","","","","","","","","","oui","oui",""
"https://www.syntheticswarm.ai/faq-fr","footer","lien_interne","À propos","/a-propos","","","","","","","","","oui","oui",""
"https://www.syntheticswarm.ai/faq-fr","footer","pseudo_lien_desactive","Nos clients","","","","","","","","nav-disabled","role=link aria-disabled=true","oui","oui",""
"https://www.syntheticswarm.ai/faq-fr","footer","lien_interne","Recrutement","/recrutement","","","","","","","","","oui","oui",""
"https://www.syntheticswarm.ai/faq-fr","footer","pseudo_lien_desactive","Médias","","","","","","","","nav-disabled","role=link aria-disabled=true","oui","oui",""
"https://www.syntheticswarm.ai/faq-fr","footer","lien_interne","Contact","/contact-fr","","","","","","","","","oui","oui",""
"https://www.syntheticswarm.ai/faq-fr","footer","lien_interne","Mentions légales","/mentions-legales","","","","","","","","","oui","oui",""
"https://www.syntheticswarm.ai/faq-fr","footer","lien_interne","Confidentialité","/confidentialite","","","","","","","","","oui","oui",""
"https://www.syntheticswarm.ai/faq-fr","footer","lien_interne","Conditions","/conditions","","","","","","","","","oui","oui",""
"https://www.syntheticswarm.ai/faq-fr","footer","lien_interne","Opposition","/opposition","","","","","","","","","oui","oui",""
"https://www.syntheticswarm.ai/faq-fr","menu_mobile","button","Fermer le menu","","","","","button","","","mobile-menu-close","aria-label=Fermer le menu","non","non",""
"https://www.syntheticswarm.ai/faq-fr","menu_mobile","lien_interne","","/notre-solution","","","","","","","","","non","non",""
"https://www.syntheticswarm.ai/faq-fr","menu_mobile","lien_interne","","/tarifs","","","","","","","","","non","non",""
"https://www.syntheticswarm.ai/faq-fr","menu_mobile","lien_interne","","/a-propos","","","","","","","","","non","non",""
"https://www.syntheticswarm.ai/faq-fr","menu_mobile","lien_interne","","/recrutement","","","","","","","","","non","non",""
"https://www.syntheticswarm.ai/faq-fr","menu_mobile","pseudo_lien_desactive","","","","","","","","","nav-disabled","role=link aria-disabled=true","non","non",""
"https://www.syntheticswarm.ai/faq-fr","menu_mobile","button+disclosure","Choisir la langue","","","","","button","","","language-trigger shared-chevron-trigger","aria-expanded=false aria-controls=mobile-header-language-options aria-label=Choisir la langue","non","non",""
"https://www.syntheticswarm.ai/faq-fr","menu_mobile","lien_interne+langue","FR","/faq-fr","","","","","","","","aria-current=true","non","non",""
"https://www.syntheticswarm.ai/faq-fr","menu_mobile","lien_interne+langue","EN","/faq","","","","","","","","","non","non",""
"https://www.syntheticswarm.ai/faq-fr","menu_mobile","lien_externe","","https://app.syntheticswarm.ai/ui/","_blank","noopener noreferrer","","","","","btn-login header-action","","non","non",""
"https://www.syntheticswarm.ai/faq-fr","menu_mobile","button+disclosure+demo","","","","","","button","","","btn-get-started header-action","aria-expanded=false aria-controls=mobile-header-demo-options","non","non",""
"https://www.syntheticswarm.ai/faq-fr","menu_mobile","lien_externe","AxelCEO↗","https://calendar.app.google/91k1Mpontca7NGea6","_blank","noopener noreferrer","","","","","demo-booking-person","","non","non",""
"https://www.syntheticswarm.ai/faq-fr","menu_mobile","lien_externe","IlanCTO↗","https://calendar.app.google/91k1Mpontca7NGea6","_blank","noopener noreferrer","","","","","demo-booking-person","","non","non",""
"https://www.syntheticswarm.ai/about","autre","ancre","Skip to content","#main","","","","","","","skip-link","","oui","oui",""
"https://www.syntheticswarm.ai/about","header","lien_interne","Synthetic Swarm","/","","","","","","","logo","","oui","oui",""
"https://www.syntheticswarm.ai/about","header","lien_interne","Our solution","/our-solution","","","","","","","","","oui","non",""
"https://www.syntheticswarm.ai/about","header","lien_interne","Pricing","/pricing","","","","","","","","","oui","non",""
"https://www.syntheticswarm.ai/about","header","button+disclosure","About","","","","","button","","","nav-link-dropdown shared-chevron-trigger","aria-expanded=false aria-controls=header-about-options","oui","non",""
"https://www.syntheticswarm.ai/about","header","lien_interne","Who we are","/about","","","","","","","","","non","non",""
"https://www.syntheticswarm.ai/about","header","lien_interne","Careers","/careers","","","","","","","","","non","non",""
"https://www.syntheticswarm.ai/about","header","pseudo_lien_desactive","Media","","","","","","","","nav-disabled","role=link aria-disabled=true","non","non",""
"https://www.syntheticswarm.ai/about","header","button+disclosure","Choose language","","","","","button","","","language-trigger shared-chevron-trigger","aria-expanded=false aria-controls=header-language-options aria-label=Choose language","oui","non",""
"https://www.syntheticswarm.ai/about","header","lien_interne+langue","EN","/about","","","","","","","","aria-current=true","non","non",""
"https://www.syntheticswarm.ai/about","header","lien_interne+langue","FR","/a-propos","","","","","","","","","non","non",""
"https://www.syntheticswarm.ai/about","header","lien_externe","Log in","https://app.syntheticswarm.ai/ui/","_blank","noopener noreferrer","","","","","btn-login header-action","","oui","non",""
"https://www.syntheticswarm.ai/about","header","button+disclosure+demo","Demo","","","","","button","","","btn-get-started header-action","aria-expanded=false aria-controls=header-demo-options","oui","non",""
"https://www.syntheticswarm.ai/about","header","lien_externe","AxelCEO↗","https://calendar.app.google/91k1Mpontca7NGea6","_blank","noopener noreferrer","","","","","demo-booking-person","","non","non",""
"https://www.syntheticswarm.ai/about","header","lien_externe","IlanCTO↗","https://calendar.app.google/91k1Mpontca7NGea6","_blank","noopener noreferrer","","","","","demo-booking-person","","non","non",""
"https://www.syntheticswarm.ai/about","header","button","Open menu","","","","","button","","","mobile-menu-toggle","aria-label=Open menu aria-controls=mobile-menu aria-expanded=false","non","oui",""
"https://www.syntheticswarm.ai/about","main","lien_externe","LinkedIn Axel","https://www.linkedin.com/in/axel-carron/","_blank","noopener noreferrer","","","","","founder-link","aria-label=LinkedIn Axel","oui","oui",""
"https://www.syntheticswarm.ai/about","main","lien_externe","LinkedIn Ilan","https://www.linkedin.com/in/isainteagathe/","_blank","noopener noreferrer","","","","","founder-link","aria-label=LinkedIn Ilan","oui","oui",""
"https://www.syntheticswarm.ai/about","footer","lien_externe+demo","Book a demo","https://calendar.app.google/91k1Mpontca7NGea6","_blank","noopener noreferrer","","","","","btn-get-started","","oui","oui",""
"https://www.syntheticswarm.ai/about","footer","lien_interne","Explore our solution →","/our-solution","","","","","","","brand-close-solution","","oui","oui",""
"https://www.syntheticswarm.ai/about","footer","form","Newsletter","/api/newsletter","","","","","","","newsletter-form","aria-label=Newsletter","oui","oui","method=post action=/api/newsletter champs=email:email*|:submit|company_website:text"
"https://www.syntheticswarm.ai/about","footer","input_email","Your email","","","","email","email","oui","","","aria-label=Your email","oui","oui",""
"https://www.syntheticswarm.ai/about","footer","button","Subscribe","","","","","submit","","","","","oui","oui",""
"https://www.syntheticswarm.ai/about","footer","input_text","","","","","company_website","text","","","newsletter-honeypot","aria-hidden=true","oui","oui",""
"https://www.syntheticswarm.ai/about","footer","lien_interne","Synthetic Swarm","/","","","","","","","logo","","oui","oui",""
"https://www.syntheticswarm.ai/about","footer","lien_externe","Log in","https://app.syntheticswarm.ai/ui/","_blank","noopener noreferrer","","","","","brand-close-login","","oui","oui",""
"https://www.syntheticswarm.ai/about","footer","lien_interne","Our solution","/our-solution","","","","","","","","","oui","oui",""
"https://www.syntheticswarm.ai/about","footer","lien_interne","Pricing","/pricing","","","","","","","","","oui","oui",""
"https://www.syntheticswarm.ai/about","footer","lien_interne","FAQ","/faq","","","","","","","","","oui","oui",""
"https://www.syntheticswarm.ai/about","footer","lien_interne","About","/about","","","","","","","","","oui","oui",""
"https://www.syntheticswarm.ai/about","footer","pseudo_lien_desactive","Customers","","","","","","","","nav-disabled","role=link aria-disabled=true","oui","oui",""
"https://www.syntheticswarm.ai/about","footer","lien_interne","Careers","/careers","","","","","","","","","oui","oui",""
"https://www.syntheticswarm.ai/about","footer","pseudo_lien_desactive","Media","","","","","","","","nav-disabled","role=link aria-disabled=true","oui","oui",""
"https://www.syntheticswarm.ai/about","footer","lien_interne","Contact","/contact","","","","","","","","","oui","oui",""
"https://www.syntheticswarm.ai/about","footer","lien_interne","Legal Notice","/legal-notice","","","","","","","","","oui","oui",""
"https://www.syntheticswarm.ai/about","footer","lien_interne","Privacy","/privacy","","","","","","","","","oui","oui",""
"https://www.syntheticswarm.ai/about","footer","lien_interne","Terms","/terms","","","","","","","","","oui","oui",""
"https://www.syntheticswarm.ai/about","footer","lien_interne","Opt out","/opt-out","","","","","","","","","oui","oui",""
"https://www.syntheticswarm.ai/about","menu_mobile","button","Close menu","","","","","button","","","mobile-menu-close","aria-label=Close menu","non","non",""
"https://www.syntheticswarm.ai/about","menu_mobile","lien_interne","","/our-solution","","","","","","","","","non","non",""
"https://www.syntheticswarm.ai/about","menu_mobile","lien_interne","","/pricing","","","","","","","","","non","non",""
"https://www.syntheticswarm.ai/about","menu_mobile","lien_interne","","/about","","","","","","","","","non","non",""
"https://www.syntheticswarm.ai/about","menu_mobile","lien_interne","","/careers","","","","","","","","","non","non",""
"https://www.syntheticswarm.ai/about","menu_mobile","pseudo_lien_desactive","","","","","","","","","nav-disabled","role=link aria-disabled=true","non","non",""
"https://www.syntheticswarm.ai/about","menu_mobile","button+disclosure","Choose language","","","","","button","","","language-trigger shared-chevron-trigger","aria-expanded=false aria-controls=mobile-header-language-options aria-label=Choose language","non","non",""
"https://www.syntheticswarm.ai/about","menu_mobile","lien_interne+langue","EN","/about","","","","","","","","aria-current=true","non","non",""
"https://www.syntheticswarm.ai/about","menu_mobile","lien_interne+langue","FR","/a-propos","","","","","","","","","non","non",""
"https://www.syntheticswarm.ai/about","menu_mobile","lien_externe","","https://app.syntheticswarm.ai/ui/","_blank","noopener noreferrer","","","","","btn-login header-action","","non","non",""
"https://www.syntheticswarm.ai/about","menu_mobile","button+disclosure+demo","","","","","","button","","","btn-get-started header-action","aria-expanded=false aria-controls=mobile-header-demo-options","non","non",""
"https://www.syntheticswarm.ai/about","menu_mobile","lien_externe","AxelCEO↗","https://calendar.app.google/91k1Mpontca7NGea6","_blank","noopener noreferrer","","","","","demo-booking-person","","non","non",""
"https://www.syntheticswarm.ai/about","menu_mobile","lien_externe","IlanCTO↗","https://calendar.app.google/91k1Mpontca7NGea6","_blank","noopener noreferrer","","","","","demo-booking-person","","non","non",""
"https://www.syntheticswarm.ai/a-propos","autre","ancre","Aller au contenu","#main","","","","","","","skip-link","","oui","oui",""
"https://www.syntheticswarm.ai/a-propos","header","lien_interne","Synthetic Swarm","/index-fr","","","","","","","logo","","oui","oui",""
"https://www.syntheticswarm.ai/a-propos","header","lien_interne","Notre solution","/notre-solution","","","","","","","","","oui","non",""
"https://www.syntheticswarm.ai/a-propos","header","lien_interne","Tarifs","/tarifs","","","","","","","","","oui","non",""
"https://www.syntheticswarm.ai/a-propos","header","button+disclosure","À propos","","","","","button","","","nav-link-dropdown shared-chevron-trigger","aria-expanded=false aria-controls=header-about-options","oui","non",""
"https://www.syntheticswarm.ai/a-propos","header","lien_interne","Qui sommes-nous","/a-propos","","","","","","","","","non","non",""
"https://www.syntheticswarm.ai/a-propos","header","lien_interne","Recrutement","/recrutement","","","","","","","","","non","non",""
"https://www.syntheticswarm.ai/a-propos","header","pseudo_lien_desactive","Médias","","","","","","","","nav-disabled","role=link aria-disabled=true","non","non",""
"https://www.syntheticswarm.ai/a-propos","header","button+disclosure","Choisir la langue","","","","","button","","","language-trigger shared-chevron-trigger","aria-expanded=false aria-controls=header-language-options aria-label=Choisir la langue","oui","non",""
"https://www.syntheticswarm.ai/a-propos","header","lien_interne+langue","FR","/a-propos","","","","","","","","aria-current=true","non","non",""
"https://www.syntheticswarm.ai/a-propos","header","lien_interne+langue","EN","/about","","","","","","","","","non","non",""
"https://www.syntheticswarm.ai/a-propos","header","lien_externe","Connexion","https://app.syntheticswarm.ai/ui/","_blank","noopener noreferrer","","","","","btn-login header-action","","oui","non",""
"https://www.syntheticswarm.ai/a-propos","header","button+disclosure+demo","Démo","","","","","button","","","btn-get-started header-action","aria-expanded=false aria-controls=header-demo-options","oui","non",""
"https://www.syntheticswarm.ai/a-propos","header","lien_externe","AxelCEO↗","https://calendar.app.google/91k1Mpontca7NGea6","_blank","noopener noreferrer","","","","","demo-booking-person","","non","non",""
"https://www.syntheticswarm.ai/a-propos","header","lien_externe","IlanCTO↗","https://calendar.app.google/91k1Mpontca7NGea6","_blank","noopener noreferrer","","","","","demo-booking-person","","non","non",""
"https://www.syntheticswarm.ai/a-propos","header","button","Ouvrir le menu","","","","","button","","","mobile-menu-toggle","aria-label=Ouvrir le menu aria-controls=mobile-menu aria-expanded=false","non","oui",""
"https://www.syntheticswarm.ai/a-propos","main","lien_externe","LinkedIn Axel","https://www.linkedin.com/in/axel-carron/","_blank","noopener noreferrer","","","","","founder-link","aria-label=LinkedIn Axel","oui","oui",""
"https://www.syntheticswarm.ai/a-propos","main","lien_externe","LinkedIn Ilan","https://www.linkedin.com/in/isainteagathe/","_blank","noopener noreferrer","","","","","founder-link","aria-label=LinkedIn Ilan","oui","oui",""
"https://www.syntheticswarm.ai/a-propos","footer","lien_externe+demo","Réserver une démo","https://calendar.app.google/91k1Mpontca7NGea6","_blank","noopener noreferrer","","","","","btn-get-started","","oui","oui",""
"https://www.syntheticswarm.ai/a-propos","footer","lien_interne","Voir notre solution →","/notre-solution","","","","","","","brand-close-solution","","oui","oui",""
"https://www.syntheticswarm.ai/a-propos","footer","form","Newsletter","/api/newsletter","","","","","","","newsletter-form","aria-label=Newsletter","oui","oui","method=post action=/api/newsletter champs=email:email*|:submit|company_website:text"
"https://www.syntheticswarm.ai/a-propos","footer","input_email","Votre email","","","","email","email","oui","","","aria-label=Votre email","oui","oui",""
"https://www.syntheticswarm.ai/a-propos","footer","button","S’inscrire","","","","","submit","","","","","oui","oui",""
"https://www.syntheticswarm.ai/a-propos","footer","input_text","","","","","company_website","text","","","newsletter-honeypot","aria-hidden=true","oui","oui",""
"https://www.syntheticswarm.ai/a-propos","footer","lien_interne","Synthetic Swarm","/index-fr","","","","","","","logo","","oui","oui",""
"https://www.syntheticswarm.ai/a-propos","footer","lien_externe","Se connecter","https://app.syntheticswarm.ai/ui/","_blank","noopener noreferrer","","","","","brand-close-login","","oui","oui",""
"https://www.syntheticswarm.ai/a-propos","footer","lien_interne","Notre solution","/notre-solution","","","","","","","","","oui","oui",""
"https://www.syntheticswarm.ai/a-propos","footer","lien_interne","Tarifs","/tarifs","","","","","","","","","oui","oui",""
"https://www.syntheticswarm.ai/a-propos","footer","lien_interne","FAQ","/faq-fr","","","","","","","","","oui","oui",""
"https://www.syntheticswarm.ai/a-propos","footer","lien_interne","À propos","/a-propos","","","","","","","","","oui","oui",""
"https://www.syntheticswarm.ai/a-propos","footer","pseudo_lien_desactive","Nos clients","","","","","","","","nav-disabled","role=link aria-disabled=true","oui","oui",""
"https://www.syntheticswarm.ai/a-propos","footer","lien_interne","Recrutement","/recrutement","","","","","","","","","oui","oui",""
"https://www.syntheticswarm.ai/a-propos","footer","pseudo_lien_desactive","Médias","","","","","","","","nav-disabled","role=link aria-disabled=true","oui","oui",""
"https://www.syntheticswarm.ai/a-propos","footer","lien_interne","Contact","/contact-fr","","","","","","","","","oui","oui",""
"https://www.syntheticswarm.ai/a-propos","footer","lien_interne","Mentions légales","/mentions-legales","","","","","","","","","oui","oui",""
"https://www.syntheticswarm.ai/a-propos","footer","lien_interne","Confidentialité","/confidentialite","","","","","","","","","oui","oui",""
"https://www.syntheticswarm.ai/a-propos","footer","lien_interne","Conditions","/conditions","","","","","","","","","oui","oui",""
"https://www.syntheticswarm.ai/a-propos","footer","lien_interne","Opposition","/opposition","","","","","","","","","oui","oui",""
"https://www.syntheticswarm.ai/a-propos","menu_mobile","button","Fermer le menu","","","","","button","","","mobile-menu-close","aria-label=Fermer le menu","non","non",""
"https://www.syntheticswarm.ai/a-propos","menu_mobile","lien_interne","","/notre-solution","","","","","","","","","non","non",""
"https://www.syntheticswarm.ai/a-propos","menu_mobile","lien_interne","","/tarifs","","","","","","","","","non","non",""
"https://www.syntheticswarm.ai/a-propos","menu_mobile","lien_interne","","/a-propos","","","","","","","","","non","non",""
"https://www.syntheticswarm.ai/a-propos","menu_mobile","lien_interne","","/recrutement","","","","","","","","","non","non",""
"https://www.syntheticswarm.ai/a-propos","menu_mobile","pseudo_lien_desactive","","","","","","","","","nav-disabled","role=link aria-disabled=true","non","non",""
"https://www.syntheticswarm.ai/a-propos","menu_mobile","button+disclosure","Choisir la langue","","","","","button","","","language-trigger shared-chevron-trigger","aria-expanded=false aria-controls=mobile-header-language-options aria-label=Choisir la langue","non","non",""
"https://www.syntheticswarm.ai/a-propos","menu_mobile","lien_interne+langue","FR","/a-propos","","","","","","","","aria-current=true","non","non",""
"https://www.syntheticswarm.ai/a-propos","menu_mobile","lien_interne+langue","EN","/about","","","","","","","","","non","non",""
"https://www.syntheticswarm.ai/a-propos","menu_mobile","lien_externe","","https://app.syntheticswarm.ai/ui/","_blank","noopener noreferrer","","","","","btn-login header-action","","non","non",""
"https://www.syntheticswarm.ai/a-propos","menu_mobile","button+disclosure+demo","","","","","","button","","","btn-get-started header-action","aria-expanded=false aria-controls=mobile-header-demo-options","non","non",""
"https://www.syntheticswarm.ai/a-propos","menu_mobile","lien_externe","AxelCEO↗","https://calendar.app.google/91k1Mpontca7NGea6","_blank","noopener noreferrer","","","","","demo-booking-person","","non","non",""
"https://www.syntheticswarm.ai/a-propos","menu_mobile","lien_externe","IlanCTO↗","https://calendar.app.google/91k1Mpontca7NGea6","_blank","noopener noreferrer","","","","","demo-booking-person","","non","non",""
"https://www.syntheticswarm.ai/careers","autre","ancre","Skip to content","#main","","","","","","","skip-link","","oui","oui",""
"https://www.syntheticswarm.ai/careers","header","lien_interne","Synthetic Swarm","/","","","","","","","logo","","oui","oui",""
"https://www.syntheticswarm.ai/careers","header","lien_interne","Our solution","/our-solution","","","","","","","","","oui","non",""
"https://www.syntheticswarm.ai/careers","header","lien_interne","Pricing","/pricing","","","","","","","","","oui","non",""
"https://www.syntheticswarm.ai/careers","header","button+disclosure","About","","","","","button","","","nav-link-dropdown shared-chevron-trigger","aria-expanded=false aria-controls=header-about-options","oui","non",""
"https://www.syntheticswarm.ai/careers","header","lien_interne","Who we are","/about","","","","","","","","","non","non",""
"https://www.syntheticswarm.ai/careers","header","lien_interne","Careers","/careers","","","","","","","","","non","non",""
"https://www.syntheticswarm.ai/careers","header","pseudo_lien_desactive","Media","","","","","","","","nav-disabled","role=link aria-disabled=true","non","non",""
"https://www.syntheticswarm.ai/careers","header","button+disclosure","Choose language","","","","","button","","","language-trigger shared-chevron-trigger","aria-expanded=false aria-controls=header-language-options aria-label=Choose language","oui","non",""
"https://www.syntheticswarm.ai/careers","header","lien_interne+langue","EN","/careers","","","","","","","","aria-current=true","non","non",""
"https://www.syntheticswarm.ai/careers","header","lien_interne+langue","FR","/recrutement","","","","","","","","","non","non",""
"https://www.syntheticswarm.ai/careers","header","lien_externe","Log in","https://app.syntheticswarm.ai/ui/","_blank","noopener noreferrer","","","","","btn-login header-action","","oui","non",""
"https://www.syntheticswarm.ai/careers","header","button+disclosure+demo","Demo","","","","","button","","","btn-get-started header-action","aria-expanded=false aria-controls=header-demo-options","oui","non",""
"https://www.syntheticswarm.ai/careers","header","lien_externe","AxelCEO↗","https://calendar.app.google/91k1Mpontca7NGea6","_blank","noopener noreferrer","","","","","demo-booking-person","","non","non",""
"https://www.syntheticswarm.ai/careers","header","lien_externe","IlanCTO↗","https://calendar.app.google/91k1Mpontca7NGea6","_blank","noopener noreferrer","","","","","demo-booking-person","","non","non",""
"https://www.syntheticswarm.ai/careers","header","button","Open menu","","","","","button","","","mobile-menu-toggle","aria-label=Open menu aria-controls=mobile-menu aria-expanded=false","non","oui",""
"https://www.syntheticswarm.ai/careers","main","details","Sales · France 🇫🇷  Grow Synthetic Swarm among insurance professionals.","","","","open-role","","","sales-france","job-item","","oui","oui","open=false"
"https://www.syntheticswarm.ai/careers","main","summary","Sales · France 🇫🇷  Grow Synthetic Swarm among insurance professionals.","","","","","","","","","role=button aria-expanded=false aria-controls=details-sales-france","oui","oui",""
"https://www.syntheticswarm.ai/careers","main","mailto","","mailto:contact@syntheticswarm.ai?subject=Application%3A%20Sales%20France%20%E2%80%94%20Synthetic%20Swarm","","","","","","","page-button","","oui","oui",""
"https://www.syntheticswarm.ai/careers","main","details","Sales · United States 🇺🇸  Develop our first US accounts.","","","","open-role","","","sales-us","job-item","","oui","oui","open=false"
"https://www.syntheticswarm.ai/careers","main","summary","Sales · United States 🇺🇸  Develop our first US accounts.","","","","","","","","","role=button aria-expanded=false aria-controls=details-sales-us","oui","oui",""
"https://www.syntheticswarm.ai/careers","main","mailto","","mailto:contact@syntheticswarm.ai?subject=Application%3A%20Sales%20US%20%E2%80%94%20Synthetic%20Swarm","","","","","","","page-button","","oui","oui",""
"https://www.syntheticswarm.ai/careers","main","details","Tech / AI Engineer · France & US 🇫🇷🇺🇸  Improve our detection and qualification process.","","","","open-role","","","tech-france","job-item","","oui","oui","open=false"
"https://www.syntheticswarm.ai/careers","main","summary","Tech / AI Engineer · France & US 🇫🇷🇺🇸  Improve our detection and qualification process.","","","","","","","","","role=button aria-expanded=false aria-controls=details-tech-france","oui","oui",""
"https://www.syntheticswarm.ai/careers","main","mailto","","mailto:contact@syntheticswarm.ai?subject=Application%3A%20Tech%20%E2%80%94%20Synthetic%20Swarm","","","","","","","page-button","","oui","oui",""
"https://www.syntheticswarm.ai/careers","main","details","Chief of Staff · France & US 🇫🇷🇺🇸  Work with the founders on company priorities.","","","","open-role","","","chief-of-staff","job-item","","oui","oui","open=false"
"https://www.syntheticswarm.ai/careers","main","summary","Chief of Staff · France & US 🇫🇷🇺🇸  Work with the founders on company priorities.","","","","","","","","","role=button aria-expanded=false aria-controls=details-chief-of-staff","oui","oui",""
"https://www.syntheticswarm.ai/careers","main","mailto","","mailto:contact@syntheticswarm.ai?subject=Application%3A%20Chief%20of%20Staff%20%E2%80%94%20Synthetic%20Swarm","","","","","","","page-button","","oui","oui",""
"https://www.syntheticswarm.ai/careers","main","mailto","Send a spontaneous application →","mailto:contact@syntheticswarm.ai","","","","","","","page-button page-button--secondary","","oui","oui",""
"https://www.syntheticswarm.ai/careers","footer","lien_externe+demo","Book a demo","https://calendar.app.google/91k1Mpontca7NGea6","_blank","noopener noreferrer","","","","","btn-get-started","","oui","oui",""
"https://www.syntheticswarm.ai/careers","footer","lien_interne","Explore our solution →","/our-solution","","","","","","","brand-close-solution","","oui","oui",""
"https://www.syntheticswarm.ai/careers","footer","form","Newsletter","/api/newsletter","","","","","","","newsletter-form","aria-label=Newsletter","oui","oui","method=post action=/api/newsletter champs=email:email*|:submit|company_website:text"
"https://www.syntheticswarm.ai/careers","footer","input_email","Your email","","","","email","email","oui","","","aria-label=Your email","oui","oui",""
"https://www.syntheticswarm.ai/careers","footer","button","Subscribe","","","","","submit","","","","","oui","oui",""
"https://www.syntheticswarm.ai/careers","footer","input_text","","","","","company_website","text","","","newsletter-honeypot","aria-hidden=true","oui","oui",""
"https://www.syntheticswarm.ai/careers","footer","lien_interne","Synthetic Swarm","/","","","","","","","logo","","oui","oui",""
"https://www.syntheticswarm.ai/careers","footer","lien_externe","Log in","https://app.syntheticswarm.ai/ui/","_blank","noopener noreferrer","","","","","brand-close-login","","oui","oui",""
"https://www.syntheticswarm.ai/careers","footer","lien_interne","Our solution","/our-solution","","","","","","","","","oui","oui",""
"https://www.syntheticswarm.ai/careers","footer","lien_interne","Pricing","/pricing","","","","","","","","","oui","oui",""
"https://www.syntheticswarm.ai/careers","footer","lien_interne","FAQ","/faq","","","","","","","","","oui","oui",""
"https://www.syntheticswarm.ai/careers","footer","lien_interne","About","/about","","","","","","","","","oui","oui",""
"https://www.syntheticswarm.ai/careers","footer","pseudo_lien_desactive","Customers","","","","","","","","nav-disabled","role=link aria-disabled=true","oui","oui",""
"https://www.syntheticswarm.ai/careers","footer","lien_interne","Careers","/careers","","","","","","","","","oui","oui",""
"https://www.syntheticswarm.ai/careers","footer","pseudo_lien_desactive","Media","","","","","","","","nav-disabled","role=link aria-disabled=true","oui","oui",""
"https://www.syntheticswarm.ai/careers","footer","lien_interne","Contact","/contact","","","","","","","","","oui","oui",""
"https://www.syntheticswarm.ai/careers","footer","lien_interne","Legal Notice","/legal-notice","","","","","","","","","oui","oui",""
"https://www.syntheticswarm.ai/careers","footer","lien_interne","Privacy","/privacy","","","","","","","","","oui","oui",""
"https://www.syntheticswarm.ai/careers","footer","lien_interne","Terms","/terms","","","","","","","","","oui","oui",""
"https://www.syntheticswarm.ai/careers","footer","lien_interne","Opt out","/opt-out","","","","","","","","","oui","oui",""
"https://www.syntheticswarm.ai/careers","menu_mobile","button","Close menu","","","","","button","","","mobile-menu-close","aria-label=Close menu","non","non",""
"https://www.syntheticswarm.ai/careers","menu_mobile","lien_interne","","/our-solution","","","","","","","","","non","non",""
"https://www.syntheticswarm.ai/careers","menu_mobile","lien_interne","","/pricing","","","","","","","","","non","non",""
"https://www.syntheticswarm.ai/careers","menu_mobile","lien_interne","","/about","","","","","","","","","non","non",""
"https://www.syntheticswarm.ai/careers","menu_mobile","lien_interne","","/careers","","","","","","","","","non","non",""
"https://www.syntheticswarm.ai/careers","menu_mobile","pseudo_lien_desactive","","","","","","","","","nav-disabled","role=link aria-disabled=true","non","non",""
"https://www.syntheticswarm.ai/careers","menu_mobile","button+disclosure","Choose language","","","","","button","","","language-trigger shared-chevron-trigger","aria-expanded=false aria-controls=mobile-header-language-options aria-label=Choose language","non","non",""
"https://www.syntheticswarm.ai/careers","menu_mobile","lien_interne+langue","EN","/careers","","","","","","","","aria-current=true","non","non",""
"https://www.syntheticswarm.ai/careers","menu_mobile","lien_interne+langue","FR","/recrutement","","","","","","","","","non","non",""
"https://www.syntheticswarm.ai/careers","menu_mobile","lien_externe","","https://app.syntheticswarm.ai/ui/","_blank","noopener noreferrer","","","","","btn-login header-action","","non","non",""
"https://www.syntheticswarm.ai/careers","menu_mobile","button+disclosure+demo","","","","","","button","","","btn-get-started header-action","aria-expanded=false aria-controls=mobile-header-demo-options","non","non",""
"https://www.syntheticswarm.ai/careers","menu_mobile","lien_externe","AxelCEO↗","https://calendar.app.google/91k1Mpontca7NGea6","_blank","noopener noreferrer","","","","","demo-booking-person","","non","non",""
"https://www.syntheticswarm.ai/careers","menu_mobile","lien_externe","IlanCTO↗","https://calendar.app.google/91k1Mpontca7NGea6","_blank","noopener noreferrer","","","","","demo-booking-person","","non","non",""
"https://www.syntheticswarm.ai/recrutement","autre","ancre","Aller au contenu","#main","","","","","","","skip-link","","oui","oui",""
"https://www.syntheticswarm.ai/recrutement","header","lien_interne","Synthetic Swarm","/index-fr","","","","","","","logo","","oui","oui",""
"https://www.syntheticswarm.ai/recrutement","header","lien_interne","Notre solution","/notre-solution","","","","","","","","","oui","non",""
"https://www.syntheticswarm.ai/recrutement","header","lien_interne","Tarifs","/tarifs","","","","","","","","","oui","non",""
"https://www.syntheticswarm.ai/recrutement","header","button+disclosure","À propos","","","","","button","","","nav-link-dropdown shared-chevron-trigger","aria-expanded=false aria-controls=header-about-options","oui","non",""
"https://www.syntheticswarm.ai/recrutement","header","lien_interne","Qui sommes-nous","/a-propos","","","","","","","","","non","non",""
"https://www.syntheticswarm.ai/recrutement","header","lien_interne","Recrutement","/recrutement","","","","","","","","","non","non",""
"https://www.syntheticswarm.ai/recrutement","header","pseudo_lien_desactive","Médias","","","","","","","","nav-disabled","role=link aria-disabled=true","non","non",""
"https://www.syntheticswarm.ai/recrutement","header","button+disclosure","Choisir la langue","","","","","button","","","language-trigger shared-chevron-trigger","aria-expanded=false aria-controls=header-language-options aria-label=Choisir la langue","oui","non",""
"https://www.syntheticswarm.ai/recrutement","header","lien_interne+langue","FR","/recrutement","","","","","","","","aria-current=true","non","non",""
"https://www.syntheticswarm.ai/recrutement","header","lien_interne+langue","EN","/careers","","","","","","","","","non","non",""
"https://www.syntheticswarm.ai/recrutement","header","lien_externe","Connexion","https://app.syntheticswarm.ai/ui/","_blank","noopener noreferrer","","","","","btn-login header-action","","oui","non",""
"https://www.syntheticswarm.ai/recrutement","header","button+disclosure+demo","Démo","","","","","button","","","btn-get-started header-action","aria-expanded=false aria-controls=header-demo-options","oui","non",""
"https://www.syntheticswarm.ai/recrutement","header","lien_externe","AxelCEO↗","https://calendar.app.google/91k1Mpontca7NGea6","_blank","noopener noreferrer","","","","","demo-booking-person","","non","non",""
"https://www.syntheticswarm.ai/recrutement","header","lien_externe","IlanCTO↗","https://calendar.app.google/91k1Mpontca7NGea6","_blank","noopener noreferrer","","","","","demo-booking-person","","non","non",""
"https://www.syntheticswarm.ai/recrutement","header","button","Ouvrir le menu","","","","","button","","","mobile-menu-toggle","aria-label=Ouvrir le menu aria-controls=mobile-menu aria-expanded=false","non","oui",""
"https://www.syntheticswarm.ai/recrutement","main","details","Sales · France 🇫🇷  Développer Synthetic Swarm auprès des professionnels de l’assurance.","","","","open-role","","","sales-france","job-item","","oui","oui","open=false"
"https://www.syntheticswarm.ai/recrutement","main","summary","Sales · France 🇫🇷  Développer Synthetic Swarm auprès des professionnels de l’assurance.","","","","","","","","","role=button aria-expanded=false aria-controls=details-sales-france","oui","oui",""
"https://www.syntheticswarm.ai/recrutement","main","mailto","","mailto:contact@syntheticswarm.ai?subject=Candidature%20Sales%20France%20%E2%80%94%20Synthetic%20Swarm","","","","","","","page-button","","oui","oui",""
"https://www.syntheticswarm.ai/recrutement","main","details","Sales · États-Unis 🇺🇸  Développer nos premiers comptes américains.","","","","open-role","","","sales-us","job-item","","oui","oui","open=false"
"https://www.syntheticswarm.ai/recrutement","main","summary","Sales · États-Unis 🇺🇸  Développer nos premiers comptes américains.","","","","","","","","","role=button aria-expanded=false aria-controls=details-sales-us","oui","oui",""
"https://www.syntheticswarm.ai/recrutement","main","mailto","","mailto:contact@syntheticswarm.ai?subject=Candidature%20Sales%20US%20%E2%80%94%20Synthetic%20Swarm","","","","","","","page-button","","oui","oui",""
"https://www.syntheticswarm.ai/recrutement","main","details","Tech / Ingénieur IA · France & US 🇫🇷🇺🇸  Améliorer notre boucle de détection et qualification.","","","","open-role","","","tech-france","job-item","","oui","oui","open=false"
"https://www.syntheticswarm.ai/recrutement","main","summary","Tech / Ingénieur IA · France & US 🇫🇷🇺🇸  Améliorer notre boucle de détection et qualification.","","","","","","","","","role=button aria-expanded=false aria-controls=details-tech-france","oui","oui",""
"https://www.syntheticswarm.ai/recrutement","main","mailto","","mailto:contact@syntheticswarm.ai?subject=Candidature%20Tech%20%E2%80%94%20Synthetic%20Swarm","","","","","","","page-button","","oui","oui",""
"https://www.syntheticswarm.ai/recrutement","main","details","Chief of Staff · France & US 🇫🇷🇺🇸  Travailler avec les fondateurs sur les priorités de l’entreprise.","","","","open-role","","","chief-of-staff","job-item","","oui","oui","open=false"
"https://www.syntheticswarm.ai/recrutement","main","summary","Chief of Staff · France & US 🇫🇷🇺🇸  Travailler avec les fondateurs sur les priorités de l’entreprise.","","","","","","","","","role=button aria-expanded=false aria-controls=details-chief-of-staff","oui","oui",""
"https://www.syntheticswarm.ai/recrutement","main","mailto","","mailto:contact@syntheticswarm.ai?subject=Candidature%20Chief%20of%20Staff%20%E2%80%94%20Synthetic%20Swarm","","","","","","","page-button","","oui","oui",""
"https://www.syntheticswarm.ai/recrutement","main","mailto","Envoyer une candidature spontanée →","mailto:contact@syntheticswarm.ai","","","","","","","page-button page-button--secondary","","oui","oui",""
"https://www.syntheticswarm.ai/recrutement","footer","lien_externe+demo","Réserver une démo","https://calendar.app.google/91k1Mpontca7NGea6","_blank","noopener noreferrer","","","","","btn-get-started","","oui","oui",""
"https://www.syntheticswarm.ai/recrutement","footer","lien_interne","Voir notre solution →","/notre-solution","","","","","","","brand-close-solution","","oui","oui",""
"https://www.syntheticswarm.ai/recrutement","footer","form","Newsletter","/api/newsletter","","","","","","","newsletter-form","aria-label=Newsletter","oui","oui","method=post action=/api/newsletter champs=email:email*|:submit|company_website:text"
"https://www.syntheticswarm.ai/recrutement","footer","input_email","Votre email","","","","email","email","oui","","","aria-label=Votre email","oui","oui",""
"https://www.syntheticswarm.ai/recrutement","footer","button","S’inscrire","","","","","submit","","","","","oui","oui",""
"https://www.syntheticswarm.ai/recrutement","footer","input_text","","","","","company_website","text","","","newsletter-honeypot","aria-hidden=true","oui","oui",""
"https://www.syntheticswarm.ai/recrutement","footer","lien_interne","Synthetic Swarm","/index-fr","","","","","","","logo","","oui","oui",""
"https://www.syntheticswarm.ai/recrutement","footer","lien_externe","Se connecter","https://app.syntheticswarm.ai/ui/","_blank","noopener noreferrer","","","","","brand-close-login","","oui","oui",""
"https://www.syntheticswarm.ai/recrutement","footer","lien_interne","Notre solution","/notre-solution","","","","","","","","","oui","oui",""
"https://www.syntheticswarm.ai/recrutement","footer","lien_interne","Tarifs","/tarifs","","","","","","","","","oui","oui",""
"https://www.syntheticswarm.ai/recrutement","footer","lien_interne","FAQ","/faq-fr","","","","","","","","","oui","oui",""
"https://www.syntheticswarm.ai/recrutement","footer","lien_interne","À propos","/a-propos","","","","","","","","","oui","oui",""
"https://www.syntheticswarm.ai/recrutement","footer","pseudo_lien_desactive","Nos clients","","","","","","","","nav-disabled","role=link aria-disabled=true","oui","oui",""
"https://www.syntheticswarm.ai/recrutement","footer","lien_interne","Recrutement","/recrutement","","","","","","","","","oui","oui",""
"https://www.syntheticswarm.ai/recrutement","footer","pseudo_lien_desactive","Médias","","","","","","","","nav-disabled","role=link aria-disabled=true","oui","oui",""
"https://www.syntheticswarm.ai/recrutement","footer","lien_interne","Contact","/contact-fr","","","","","","","","","oui","oui",""
"https://www.syntheticswarm.ai/recrutement","footer","lien_interne","Mentions légales","/mentions-legales","","","","","","","","","oui","oui",""
"https://www.syntheticswarm.ai/recrutement","footer","lien_interne","Confidentialité","/confidentialite","","","","","","","","","oui","oui",""
"https://www.syntheticswarm.ai/recrutement","footer","lien_interne","Conditions","/conditions","","","","","","","","","oui","oui",""
"https://www.syntheticswarm.ai/recrutement","footer","lien_interne","Opposition","/opposition","","","","","","","","","oui","oui",""
"https://www.syntheticswarm.ai/recrutement","menu_mobile","button","Fermer le menu","","","","","button","","","mobile-menu-close","aria-label=Fermer le menu","non","non",""
"https://www.syntheticswarm.ai/recrutement","menu_mobile","lien_interne","","/notre-solution","","","","","","","","","non","non",""
"https://www.syntheticswarm.ai/recrutement","menu_mobile","lien_interne","","/tarifs","","","","","","","","","non","non",""
"https://www.syntheticswarm.ai/recrutement","menu_mobile","lien_interne","","/a-propos","","","","","","","","","non","non",""
"https://www.syntheticswarm.ai/recrutement","menu_mobile","lien_interne","","/recrutement","","","","","","","","","non","non",""
"https://www.syntheticswarm.ai/recrutement","menu_mobile","pseudo_lien_desactive","","","","","","","","","nav-disabled","role=link aria-disabled=true","non","non",""
"https://www.syntheticswarm.ai/recrutement","menu_mobile","button+disclosure","Choisir la langue","","","","","button","","","language-trigger shared-chevron-trigger","aria-expanded=false aria-controls=mobile-header-language-options aria-label=Choisir la langue","non","non",""
"https://www.syntheticswarm.ai/recrutement","menu_mobile","lien_interne+langue","FR","/recrutement","","","","","","","","aria-current=true","non","non",""
"https://www.syntheticswarm.ai/recrutement","menu_mobile","lien_interne+langue","EN","/careers","","","","","","","","","non","non",""
"https://www.syntheticswarm.ai/recrutement","menu_mobile","lien_externe","","https://app.syntheticswarm.ai/ui/","_blank","noopener noreferrer","","","","","btn-login header-action","","non","non",""
"https://www.syntheticswarm.ai/recrutement","menu_mobile","button+disclosure+demo","","","","","","button","","","btn-get-started header-action","aria-expanded=false aria-controls=mobile-header-demo-options","non","non",""
"https://www.syntheticswarm.ai/recrutement","menu_mobile","lien_externe","AxelCEO↗","https://calendar.app.google/91k1Mpontca7NGea6","_blank","noopener noreferrer","","","","","demo-booking-person","","non","non",""
"https://www.syntheticswarm.ai/recrutement","menu_mobile","lien_externe","IlanCTO↗","https://calendar.app.google/91k1Mpontca7NGea6","_blank","noopener noreferrer","","","","","demo-booking-person","","non","non",""
"https://www.syntheticswarm.ai/contact","autre","ancre","Skip to content","#main","","","","","","","skip-link","","oui","oui",""
"https://www.syntheticswarm.ai/contact","header","lien_interne","Synthetic Swarm","/","","","","","","","logo","","oui","oui",""
"https://www.syntheticswarm.ai/contact","header","lien_interne","Our solution","/our-solution","","","","","","","","","oui","non",""
"https://www.syntheticswarm.ai/contact","header","lien_interne","Pricing","/pricing","","","","","","","","","oui","non",""
"https://www.syntheticswarm.ai/contact","header","button+disclosure","About","","","","","button","","","nav-link-dropdown shared-chevron-trigger","aria-expanded=false aria-controls=header-about-options","oui","non",""
"https://www.syntheticswarm.ai/contact","header","lien_interne","Who we are","/about","","","","","","","","","non","non",""
"https://www.syntheticswarm.ai/contact","header","lien_interne","Careers","/careers","","","","","","","","","non","non",""
"https://www.syntheticswarm.ai/contact","header","pseudo_lien_desactive","Media","","","","","","","","nav-disabled","role=link aria-disabled=true","non","non",""
"https://www.syntheticswarm.ai/contact","header","button+disclosure","Choose language","","","","","button","","","language-trigger shared-chevron-trigger","aria-expanded=false aria-controls=header-language-options aria-label=Choose language","oui","non",""
"https://www.syntheticswarm.ai/contact","header","lien_interne+langue","EN","/contact","","","","","","","","aria-current=true","non","non",""
"https://www.syntheticswarm.ai/contact","header","lien_interne+langue","FR","/contact-fr","","","","","","","","","non","non",""
"https://www.syntheticswarm.ai/contact","header","lien_externe","Log in","https://app.syntheticswarm.ai/ui/","_blank","noopener noreferrer","","","","","btn-login header-action","","oui","non",""
"https://www.syntheticswarm.ai/contact","header","button+disclosure+demo","Demo","","","","","button","","","btn-get-started header-action","aria-expanded=false aria-controls=header-demo-options","oui","non",""
"https://www.syntheticswarm.ai/contact","header","lien_externe","AxelCEO↗","https://calendar.app.google/91k1Mpontca7NGea6","_blank","noopener noreferrer","","","","","demo-booking-person","","non","non",""
"https://www.syntheticswarm.ai/contact","header","lien_externe","IlanCTO↗","https://calendar.app.google/91k1Mpontca7NGea6","_blank","noopener noreferrer","","","","","demo-booking-person","","non","non",""
"https://www.syntheticswarm.ai/contact","header","button","Open menu","","","","","button","","","mobile-menu-toggle","aria-label=Open menu aria-controls=mobile-menu aria-expanded=false","non","oui",""
"https://www.syntheticswarm.ai/contact","main","lien_externe","LinkedIn Axel","https://www.linkedin.com/in/axel-carron/","_blank","noopener noreferrer","","","","","","aria-label=LinkedIn Axel","oui","oui",""
"https://www.syntheticswarm.ai/contact","main","lien_externe","LinkedIn Ilan","https://www.linkedin.com/in/isainteagathe/","_blank","noopener noreferrer","","","","","","aria-label=LinkedIn Ilan","oui","oui",""
"https://www.syntheticswarm.ai/contact","main","mailto","contact@syntheticswarm.ai","mailto:contact@syntheticswarm.ai","","","","","","","contact-email-address","","oui","oui",""
"https://www.syntheticswarm.ai/contact","main","mailto","Send an email ↗","mailto:contact@syntheticswarm.ai","","","","","","","","","oui","oui",""
"https://www.syntheticswarm.ai/contact","main","button","Copy","","","","","button","","","","","oui","oui",""
"https://www.syntheticswarm.ai/contact","main","form","Send a message","/api/contact","","","","","","","contact-form","aria-label=Send a message","oui","oui","method=post action=/api/contact champs=lastName:text*|firstName:text*|email:email*|company:text|subject:text*|message:textarea*|website:text|:submit"
"https://www.syntheticswarm.ai/contact","main","input_text","","","","","lastName","text","oui","contact-lastName","","aria-describedby=error-lastName","oui","oui",""
"https://www.syntheticswarm.ai/contact","main","input_text","","","","","firstName","text","oui","contact-firstName","","aria-describedby=error-firstName","oui","oui",""
"https://www.syntheticswarm.ai/contact","main","input_email","","","","","email","email","oui","contact-email","","aria-describedby=error-email","oui","oui",""
"https://www.syntheticswarm.ai/contact","main","input_text","","","","","company","text","","contact-company","","aria-describedby=error-company","oui","oui",""
"https://www.syntheticswarm.ai/contact","main","input_text","","","","","subject","text","oui","contact-subject","","aria-describedby=error-subject","oui","oui",""
"https://www.syntheticswarm.ai/contact","main","textarea","","","","","message","","oui","contact-message","","aria-describedby=error-message","oui","oui",""
"https://www.syntheticswarm.ai/contact","main","input_text","","","","","website","","","contact-website","","","oui","oui",""
"https://www.syntheticswarm.ai/contact","main","button","Send","","","","","submit","","","page-button","","oui","oui",""
"https://www.syntheticswarm.ai/contact","footer","lien_externe+demo","Book a demo","https://calendar.app.google/91k1Mpontca7NGea6","_blank","noopener noreferrer","","","","","btn-get-started","","oui","oui",""
"https://www.syntheticswarm.ai/contact","footer","lien_interne","Explore our solution →","/our-solution","","","","","","","brand-close-solution","","oui","oui",""
"https://www.syntheticswarm.ai/contact","footer","form","Newsletter","/api/newsletter","","","","","","","newsletter-form","aria-label=Newsletter","oui","oui","method=post action=/api/newsletter champs=email:email*|:submit|company_website:text"
"https://www.syntheticswarm.ai/contact","footer","input_email","Your email","","","","email","email","oui","","","aria-label=Your email","oui","oui",""
"https://www.syntheticswarm.ai/contact","footer","button","Subscribe","","","","","submit","","","","","oui","oui",""
"https://www.syntheticswarm.ai/contact","footer","input_text","","","","","company_website","text","","","newsletter-honeypot","aria-hidden=true","oui","oui",""
"https://www.syntheticswarm.ai/contact","footer","lien_interne","Synthetic Swarm","/","","","","","","","logo","","oui","oui",""
"https://www.syntheticswarm.ai/contact","footer","lien_externe","Log in","https://app.syntheticswarm.ai/ui/","_blank","noopener noreferrer","","","","","brand-close-login","","oui","oui",""
"https://www.syntheticswarm.ai/contact","footer","lien_interne","Our solution","/our-solution","","","","","","","","","oui","oui",""
"https://www.syntheticswarm.ai/contact","footer","lien_interne","Pricing","/pricing","","","","","","","","","oui","oui",""
"https://www.syntheticswarm.ai/contact","footer","lien_interne","FAQ","/faq","","","","","","","","","oui","oui",""
"https://www.syntheticswarm.ai/contact","footer","lien_interne","About","/about","","","","","","","","","oui","oui",""
"https://www.syntheticswarm.ai/contact","footer","pseudo_lien_desactive","Customers","","","","","","","","nav-disabled","role=link aria-disabled=true","oui","oui",""
"https://www.syntheticswarm.ai/contact","footer","lien_interne","Careers","/careers","","","","","","","","","oui","oui",""
"https://www.syntheticswarm.ai/contact","footer","pseudo_lien_desactive","Media","","","","","","","","nav-disabled","role=link aria-disabled=true","oui","oui",""
"https://www.syntheticswarm.ai/contact","footer","lien_interne","Contact","/contact","","","","","","","","","oui","oui",""
"https://www.syntheticswarm.ai/contact","footer","lien_interne","Legal Notice","/legal-notice","","","","","","","","","oui","oui",""
"https://www.syntheticswarm.ai/contact","footer","lien_interne","Privacy","/privacy","","","","","","","","","oui","oui",""
"https://www.syntheticswarm.ai/contact","footer","lien_interne","Terms","/terms","","","","","","","","","oui","oui",""
"https://www.syntheticswarm.ai/contact","footer","lien_interne","Opt out","/opt-out","","","","","","","","","oui","oui",""
"https://www.syntheticswarm.ai/contact","menu_mobile","button","Close menu","","","","","button","","","mobile-menu-close","aria-label=Close menu","non","non",""
"https://www.syntheticswarm.ai/contact","menu_mobile","lien_interne","","/our-solution","","","","","","","","","non","non",""
"https://www.syntheticswarm.ai/contact","menu_mobile","lien_interne","","/pricing","","","","","","","","","non","non",""
"https://www.syntheticswarm.ai/contact","menu_mobile","lien_interne","","/about","","","","","","","","","non","non",""
"https://www.syntheticswarm.ai/contact","menu_mobile","lien_interne","","/careers","","","","","","","","","non","non",""
"https://www.syntheticswarm.ai/contact","menu_mobile","pseudo_lien_desactive","","","","","","","","","nav-disabled","role=link aria-disabled=true","non","non",""
"https://www.syntheticswarm.ai/contact","menu_mobile","button+disclosure","Choose language","","","","","button","","","language-trigger shared-chevron-trigger","aria-expanded=false aria-controls=mobile-header-language-options aria-label=Choose language","non","non",""
"https://www.syntheticswarm.ai/contact","menu_mobile","lien_interne+langue","EN","/contact","","","","","","","","aria-current=true","non","non",""
"https://www.syntheticswarm.ai/contact","menu_mobile","lien_interne+langue","FR","/contact-fr","","","","","","","","","non","non",""
"https://www.syntheticswarm.ai/contact","menu_mobile","lien_externe","","https://app.syntheticswarm.ai/ui/","_blank","noopener noreferrer","","","","","btn-login header-action","","non","non",""
"https://www.syntheticswarm.ai/contact","menu_mobile","button+disclosure+demo","","","","","","button","","","btn-get-started header-action","aria-expanded=false aria-controls=mobile-header-demo-options","non","non",""
"https://www.syntheticswarm.ai/contact","menu_mobile","lien_externe","AxelCEO↗","https://calendar.app.google/91k1Mpontca7NGea6","_blank","noopener noreferrer","","","","","demo-booking-person","","non","non",""
"https://www.syntheticswarm.ai/contact","menu_mobile","lien_externe","IlanCTO↗","https://calendar.app.google/91k1Mpontca7NGea6","_blank","noopener noreferrer","","","","","demo-booking-person","","non","non",""
"https://www.syntheticswarm.ai/contact-fr","autre","ancre","Aller au contenu","#main","","","","","","","skip-link","","oui","oui",""
"https://www.syntheticswarm.ai/contact-fr","header","lien_interne","Synthetic Swarm","/index-fr","","","","","","","logo","","oui","oui",""
"https://www.syntheticswarm.ai/contact-fr","header","lien_interne","Notre solution","/notre-solution","","","","","","","","","oui","non",""
"https://www.syntheticswarm.ai/contact-fr","header","lien_interne","Tarifs","/tarifs","","","","","","","","","oui","non",""
"https://www.syntheticswarm.ai/contact-fr","header","button+disclosure","À propos","","","","","button","","","nav-link-dropdown shared-chevron-trigger","aria-expanded=false aria-controls=header-about-options","oui","non",""
"https://www.syntheticswarm.ai/contact-fr","header","lien_interne","Qui sommes-nous","/a-propos","","","","","","","","","non","non",""
"https://www.syntheticswarm.ai/contact-fr","header","lien_interne","Recrutement","/recrutement","","","","","","","","","non","non",""
"https://www.syntheticswarm.ai/contact-fr","header","pseudo_lien_desactive","Médias","","","","","","","","nav-disabled","role=link aria-disabled=true","non","non",""
"https://www.syntheticswarm.ai/contact-fr","header","button+disclosure","Choisir la langue","","","","","button","","","language-trigger shared-chevron-trigger","aria-expanded=false aria-controls=header-language-options aria-label=Choisir la langue","oui","non",""
"https://www.syntheticswarm.ai/contact-fr","header","lien_interne+langue","FR","/contact-fr","","","","","","","","aria-current=true","non","non",""
"https://www.syntheticswarm.ai/contact-fr","header","lien_interne+langue","EN","/contact","","","","","","","","","non","non",""
"https://www.syntheticswarm.ai/contact-fr","header","lien_externe","Connexion","https://app.syntheticswarm.ai/ui/","_blank","noopener noreferrer","","","","","btn-login header-action","","oui","non",""
"https://www.syntheticswarm.ai/contact-fr","header","button+disclosure+demo","Démo","","","","","button","","","btn-get-started header-action","aria-expanded=false aria-controls=header-demo-options","oui","non",""
"https://www.syntheticswarm.ai/contact-fr","header","lien_externe","AxelCEO↗","https://calendar.app.google/91k1Mpontca7NGea6","_blank","noopener noreferrer","","","","","demo-booking-person","","non","non",""
"https://www.syntheticswarm.ai/contact-fr","header","lien_externe","IlanCTO↗","https://calendar.app.google/91k1Mpontca7NGea6","_blank","noopener noreferrer","","","","","demo-booking-person","","non","non",""
"https://www.syntheticswarm.ai/contact-fr","header","button","Ouvrir le menu","","","","","button","","","mobile-menu-toggle","aria-label=Ouvrir le menu aria-controls=mobile-menu aria-expanded=false","non","oui",""
"https://www.syntheticswarm.ai/contact-fr","main","lien_externe","LinkedIn Axel","https://www.linkedin.com/in/axel-carron/","_blank","noopener noreferrer","","","","","","aria-label=LinkedIn Axel","oui","oui",""
"https://www.syntheticswarm.ai/contact-fr","main","lien_externe","LinkedIn Ilan","https://www.linkedin.com/in/isainteagathe/","_blank","noopener noreferrer","","","","","","aria-label=LinkedIn Ilan","oui","oui",""
"https://www.syntheticswarm.ai/contact-fr","main","mailto","contact@syntheticswarm.ai","mailto:contact@syntheticswarm.ai","","","","","","","contact-email-address","","oui","oui",""
"https://www.syntheticswarm.ai/contact-fr","main","mailto","Envoyer un email ↗","mailto:contact@syntheticswarm.ai","","","","","","","","","oui","oui",""
"https://www.syntheticswarm.ai/contact-fr","main","button","Copier","","","","","button","","","","","oui","oui",""
"https://www.syntheticswarm.ai/contact-fr","main","form","Envoyer un message","/api/contact","","","","","","","contact-form","aria-label=Envoyer un message","oui","oui","method=post action=/api/contact champs=lastName:text*|firstName:text*|email:email*|company:text|subject:text*|message:textarea*|website:text|:submit"
"https://www.syntheticswarm.ai/contact-fr","main","input_text","","","","","lastName","text","oui","contact-lastName","","aria-describedby=error-lastName","oui","oui",""
"https://www.syntheticswarm.ai/contact-fr","main","input_text","","","","","firstName","text","oui","contact-firstName","","aria-describedby=error-firstName","oui","oui",""
"https://www.syntheticswarm.ai/contact-fr","main","input_email","","","","","email","email","oui","contact-email","","aria-describedby=error-email","oui","oui",""
"https://www.syntheticswarm.ai/contact-fr","main","input_text","","","","","company","text","","contact-company","","aria-describedby=error-company","oui","oui",""
"https://www.syntheticswarm.ai/contact-fr","main","input_text","","","","","subject","text","oui","contact-subject","","aria-describedby=error-subject","oui","oui",""
"https://www.syntheticswarm.ai/contact-fr","main","textarea","","","","","message","","oui","contact-message","","aria-describedby=error-message","oui","oui",""
"https://www.syntheticswarm.ai/contact-fr","main","input_text","","","","","website","","","contact-website","","","oui","oui",""
"https://www.syntheticswarm.ai/contact-fr","main","button","Envoyer","","","","","submit","","","page-button","","oui","oui",""
"https://www.syntheticswarm.ai/contact-fr","footer","lien_externe+demo","Réserver une démo","https://calendar.app.google/91k1Mpontca7NGea6","_blank","noopener noreferrer","","","","","btn-get-started","","oui","oui",""
"https://www.syntheticswarm.ai/contact-fr","footer","lien_interne","Voir notre solution →","/notre-solution","","","","","","","brand-close-solution","","oui","oui",""
"https://www.syntheticswarm.ai/contact-fr","footer","form","Newsletter","/api/newsletter","","","","","","","newsletter-form","aria-label=Newsletter","oui","oui","method=post action=/api/newsletter champs=email:email*|:submit|company_website:text"
"https://www.syntheticswarm.ai/contact-fr","footer","input_email","Votre email","","","","email","email","oui","","","aria-label=Votre email","oui","oui",""
"https://www.syntheticswarm.ai/contact-fr","footer","button","S’inscrire","","","","","submit","","","","","oui","oui",""
"https://www.syntheticswarm.ai/contact-fr","footer","input_text","","","","","company_website","text","","","newsletter-honeypot","aria-hidden=true","oui","oui",""
"https://www.syntheticswarm.ai/contact-fr","footer","lien_interne","Synthetic Swarm","/index-fr","","","","","","","logo","","oui","oui",""
"https://www.syntheticswarm.ai/contact-fr","footer","lien_externe","Se connecter","https://app.syntheticswarm.ai/ui/","_blank","noopener noreferrer","","","","","brand-close-login","","oui","oui",""
"https://www.syntheticswarm.ai/contact-fr","footer","lien_interne","Notre solution","/notre-solution","","","","","","","","","oui","oui",""
"https://www.syntheticswarm.ai/contact-fr","footer","lien_interne","Tarifs","/tarifs","","","","","","","","","oui","oui",""
"https://www.syntheticswarm.ai/contact-fr","footer","lien_interne","FAQ","/faq-fr","","","","","","","","","oui","oui",""
"https://www.syntheticswarm.ai/contact-fr","footer","lien_interne","À propos","/a-propos","","","","","","","","","oui","oui",""
"https://www.syntheticswarm.ai/contact-fr","footer","pseudo_lien_desactive","Nos clients","","","","","","","","nav-disabled","role=link aria-disabled=true","oui","oui",""
"https://www.syntheticswarm.ai/contact-fr","footer","lien_interne","Recrutement","/recrutement","","","","","","","","","oui","oui",""
"https://www.syntheticswarm.ai/contact-fr","footer","pseudo_lien_desactive","Médias","","","","","","","","nav-disabled","role=link aria-disabled=true","oui","oui",""
"https://www.syntheticswarm.ai/contact-fr","footer","lien_interne","Contact","/contact-fr","","","","","","","","","oui","oui",""
"https://www.syntheticswarm.ai/contact-fr","footer","lien_interne","Mentions légales","/mentions-legales","","","","","","","","","oui","oui",""
"https://www.syntheticswarm.ai/contact-fr","footer","lien_interne","Confidentialité","/confidentialite","","","","","","","","","oui","oui",""
"https://www.syntheticswarm.ai/contact-fr","footer","lien_interne","Conditions","/conditions","","","","","","","","","oui","oui",""
"https://www.syntheticswarm.ai/contact-fr","footer","lien_interne","Opposition","/opposition","","","","","","","","","oui","oui",""
"https://www.syntheticswarm.ai/contact-fr","menu_mobile","button","Fermer le menu","","","","","button","","","mobile-menu-close","aria-label=Fermer le menu","non","non",""
"https://www.syntheticswarm.ai/contact-fr","menu_mobile","lien_interne","","/notre-solution","","","","","","","","","non","non",""
"https://www.syntheticswarm.ai/contact-fr","menu_mobile","lien_interne","","/tarifs","","","","","","","","","non","non",""
"https://www.syntheticswarm.ai/contact-fr","menu_mobile","lien_interne","","/a-propos","","","","","","","","","non","non",""
"https://www.syntheticswarm.ai/contact-fr","menu_mobile","lien_interne","","/recrutement","","","","","","","","","non","non",""
"https://www.syntheticswarm.ai/contact-fr","menu_mobile","pseudo_lien_desactive","","","","","","","","","nav-disabled","role=link aria-disabled=true","non","non",""
"https://www.syntheticswarm.ai/contact-fr","menu_mobile","button+disclosure","Choisir la langue","","","","","button","","","language-trigger shared-chevron-trigger","aria-expanded=false aria-controls=mobile-header-language-options aria-label=Choisir la langue","non","non",""
"https://www.syntheticswarm.ai/contact-fr","menu_mobile","lien_interne+langue","FR","/contact-fr","","","","","","","","aria-current=true","non","non",""
"https://www.syntheticswarm.ai/contact-fr","menu_mobile","lien_interne+langue","EN","/contact","","","","","","","","","non","non",""
"https://www.syntheticswarm.ai/contact-fr","menu_mobile","lien_externe","","https://app.syntheticswarm.ai/ui/","_blank","noopener noreferrer","","","","","btn-login header-action","","non","non",""
"https://www.syntheticswarm.ai/contact-fr","menu_mobile","button+disclosure+demo","","","","","","button","","","btn-get-started header-action","aria-expanded=false aria-controls=mobile-header-demo-options","non","non",""
"https://www.syntheticswarm.ai/contact-fr","menu_mobile","lien_externe","AxelCEO↗","https://calendar.app.google/91k1Mpontca7NGea6","_blank","noopener noreferrer","","","","","demo-booking-person","","non","non",""
"https://www.syntheticswarm.ai/contact-fr","menu_mobile","lien_externe","IlanCTO↗","https://calendar.app.google/91k1Mpontca7NGea6","_blank","noopener noreferrer","","","","","demo-booking-person","","non","non",""
"https://www.syntheticswarm.ai/customers","autre","ancre","Skip to content","#main","","","","","","","skip-link","","oui","oui",""
"https://www.syntheticswarm.ai/customers","header","lien_interne","Synthetic Swarm","/","","","","","","","logo","","oui","oui",""
"https://www.syntheticswarm.ai/customers","header","lien_interne","Our solution","/our-solution","","","","","","","","","oui","non",""
"https://www.syntheticswarm.ai/customers","header","lien_interne","Pricing","/pricing","","","","","","","","","oui","non",""
"https://www.syntheticswarm.ai/customers","header","button+disclosure","About","","","","","button","","","nav-link-dropdown shared-chevron-trigger","aria-expanded=false aria-controls=header-about-options","oui","non",""
"https://www.syntheticswarm.ai/customers","header","lien_interne","Who we are","/about","","","","","","","","","non","non",""
"https://www.syntheticswarm.ai/customers","header","lien_interne","Careers","/careers","","","","","","","","","non","non",""
"https://www.syntheticswarm.ai/customers","header","pseudo_lien_desactive","Media","","","","","","","","nav-disabled","role=link aria-disabled=true","non","non",""
"https://www.syntheticswarm.ai/customers","header","button+disclosure","Choose language","","","","","button","","","language-trigger shared-chevron-trigger","aria-expanded=false aria-controls=header-language-options aria-label=Choose language","oui","non",""
"https://www.syntheticswarm.ai/customers","header","lien_interne+langue","EN","/customers","","","","","","","","aria-current=true","non","non",""
"https://www.syntheticswarm.ai/customers","header","lien_interne+langue","FR","/clients","","","","","","","","","non","non",""
"https://www.syntheticswarm.ai/customers","header","lien_externe","Log in","https://app.syntheticswarm.ai/ui/","_blank","noopener noreferrer","","","","","btn-login header-action","","oui","non",""
"https://www.syntheticswarm.ai/customers","header","button+disclosure+demo","Demo","","","","","button","","","btn-get-started header-action","aria-expanded=false aria-controls=header-demo-options","oui","non",""
"https://www.syntheticswarm.ai/customers","header","lien_externe","AxelCEO↗","https://calendar.app.google/91k1Mpontca7NGea6","_blank","noopener noreferrer","","","","","demo-booking-person","","non","non",""
"https://www.syntheticswarm.ai/customers","header","lien_externe","IlanCTO↗","https://calendar.app.google/91k1Mpontca7NGea6","_blank","noopener noreferrer","","","","","demo-booking-person","","non","non",""
"https://www.syntheticswarm.ai/customers","header","button","Open menu","","","","","button","","","mobile-menu-toggle","aria-label=Open menu aria-controls=mobile-menu aria-expanded=false","non","oui",""
"https://www.syntheticswarm.ai/customers","main","lien_externe+demo","Book a demo","https://calendar.app.google/91k1Mpontca7NGea6","_blank","noopener noreferrer","","","","","btn-get-started","","oui","oui",""
"https://www.syntheticswarm.ai/customers","footer","lien_externe+demo","Book a demo","https://calendar.app.google/91k1Mpontca7NGea6","_blank","noopener noreferrer","","","","","btn-get-started","","oui","oui",""
"https://www.syntheticswarm.ai/customers","footer","lien_interne","Explore our solution →","/our-solution","","","","","","","brand-close-solution","","oui","oui",""
"https://www.syntheticswarm.ai/customers","footer","form","Newsletter","/api/newsletter","","","","","","","newsletter-form","aria-label=Newsletter","oui","oui","method=post action=/api/newsletter champs=email:email*|:submit|company_website:text"
"https://www.syntheticswarm.ai/customers","footer","input_email","Your email","","","","email","email","oui","","","aria-label=Your email","oui","oui",""
"https://www.syntheticswarm.ai/customers","footer","button","Subscribe","","","","","submit","","","","","oui","oui",""
"https://www.syntheticswarm.ai/customers","footer","input_text","","","","","company_website","text","","","newsletter-honeypot","aria-hidden=true","oui","oui",""
"https://www.syntheticswarm.ai/customers","footer","lien_interne","Synthetic Swarm","/","","","","","","","logo","","oui","oui",""
"https://www.syntheticswarm.ai/customers","footer","lien_externe","Log in","https://app.syntheticswarm.ai/ui/","_blank","noopener noreferrer","","","","","brand-close-login","","oui","oui",""
"https://www.syntheticswarm.ai/customers","footer","lien_interne","Our solution","/our-solution","","","","","","","","","oui","oui",""
"https://www.syntheticswarm.ai/customers","footer","lien_interne","Pricing","/pricing","","","","","","","","","oui","oui",""
"https://www.syntheticswarm.ai/customers","footer","lien_interne","FAQ","/faq","","","","","","","","","oui","oui",""
"https://www.syntheticswarm.ai/customers","footer","lien_interne","About","/about","","","","","","","","","oui","oui",""
"https://www.syntheticswarm.ai/customers","footer","pseudo_lien_desactive","Customers","","","","","","","","nav-disabled","role=link aria-disabled=true","oui","oui",""
"https://www.syntheticswarm.ai/customers","footer","lien_interne","Careers","/careers","","","","","","","","","oui","oui",""
"https://www.syntheticswarm.ai/customers","footer","pseudo_lien_desactive","Media","","","","","","","","nav-disabled","role=link aria-disabled=true","oui","oui",""
"https://www.syntheticswarm.ai/customers","footer","lien_interne","Contact","/contact","","","","","","","","","oui","oui",""
"https://www.syntheticswarm.ai/customers","footer","lien_interne","Legal Notice","/legal-notice","","","","","","","","","oui","oui",""
"https://www.syntheticswarm.ai/customers","footer","lien_interne","Privacy","/privacy","","","","","","","","","oui","oui",""
"https://www.syntheticswarm.ai/customers","footer","lien_interne","Terms","/terms","","","","","","","","","oui","oui",""
"https://www.syntheticswarm.ai/customers","footer","lien_interne","Opt out","/opt-out","","","","","","","","","oui","oui",""
"https://www.syntheticswarm.ai/customers","menu_mobile","button","Close menu","","","","","button","","","mobile-menu-close","aria-label=Close menu","non","non",""
"https://www.syntheticswarm.ai/customers","menu_mobile","lien_interne","","/our-solution","","","","","","","","","non","non",""
"https://www.syntheticswarm.ai/customers","menu_mobile","lien_interne","","/pricing","","","","","","","","","non","non",""
"https://www.syntheticswarm.ai/customers","menu_mobile","lien_interne","","/about","","","","","","","","","non","non",""
"https://www.syntheticswarm.ai/customers","menu_mobile","lien_interne","","/careers","","","","","","","","","non","non",""
"https://www.syntheticswarm.ai/customers","menu_mobile","pseudo_lien_desactive","","","","","","","","","nav-disabled","role=link aria-disabled=true","non","non",""
"https://www.syntheticswarm.ai/customers","menu_mobile","button+disclosure","Choose language","","","","","button","","","language-trigger shared-chevron-trigger","aria-expanded=false aria-controls=mobile-header-language-options aria-label=Choose language","non","non",""
"https://www.syntheticswarm.ai/customers","menu_mobile","lien_interne+langue","EN","/customers","","","","","","","","aria-current=true","non","non",""
"https://www.syntheticswarm.ai/customers","menu_mobile","lien_interne+langue","FR","/clients","","","","","","","","","non","non",""
"https://www.syntheticswarm.ai/customers","menu_mobile","lien_externe","","https://app.syntheticswarm.ai/ui/","_blank","noopener noreferrer","","","","","btn-login header-action","","non","non",""
"https://www.syntheticswarm.ai/customers","menu_mobile","button+disclosure+demo","","","","","","button","","","btn-get-started header-action","aria-expanded=false aria-controls=mobile-header-demo-options","non","non",""
"https://www.syntheticswarm.ai/customers","menu_mobile","lien_externe","AxelCEO↗","https://calendar.app.google/91k1Mpontca7NGea6","_blank","noopener noreferrer","","","","","demo-booking-person","","non","non",""
"https://www.syntheticswarm.ai/customers","menu_mobile","lien_externe","IlanCTO↗","https://calendar.app.google/91k1Mpontca7NGea6","_blank","noopener noreferrer","","","","","demo-booking-person","","non","non",""
"https://www.syntheticswarm.ai/clients","autre","ancre","Aller au contenu","#main","","","","","","","skip-link","","oui","oui",""
"https://www.syntheticswarm.ai/clients","header","lien_interne","Synthetic Swarm","/index-fr","","","","","","","logo","","oui","oui",""
"https://www.syntheticswarm.ai/clients","header","lien_interne","Notre solution","/notre-solution","","","","","","","","","oui","non",""
"https://www.syntheticswarm.ai/clients","header","lien_interne","Tarifs","/tarifs","","","","","","","","","oui","non",""
"https://www.syntheticswarm.ai/clients","header","button+disclosure","À propos","","","","","button","","","nav-link-dropdown shared-chevron-trigger","aria-expanded=false aria-controls=header-about-options","oui","non",""
"https://www.syntheticswarm.ai/clients","header","lien_interne","Qui sommes-nous","/a-propos","","","","","","","","","non","non",""
"https://www.syntheticswarm.ai/clients","header","lien_interne","Recrutement","/recrutement","","","","","","","","","non","non",""
"https://www.syntheticswarm.ai/clients","header","pseudo_lien_desactive","Médias","","","","","","","","nav-disabled","role=link aria-disabled=true","non","non",""
"https://www.syntheticswarm.ai/clients","header","button+disclosure","Choisir la langue","","","","","button","","","language-trigger shared-chevron-trigger","aria-expanded=false aria-controls=header-language-options aria-label=Choisir la langue","oui","non",""
"https://www.syntheticswarm.ai/clients","header","lien_interne+langue","FR","/clients","","","","","","","","aria-current=true","non","non",""
"https://www.syntheticswarm.ai/clients","header","lien_interne+langue","EN","/customers","","","","","","","","","non","non",""
"https://www.syntheticswarm.ai/clients","header","lien_externe","Connexion","https://app.syntheticswarm.ai/ui/","_blank","noopener noreferrer","","","","","btn-login header-action","","oui","non",""
"https://www.syntheticswarm.ai/clients","header","button+disclosure+demo","Démo","","","","","button","","","btn-get-started header-action","aria-expanded=false aria-controls=header-demo-options","oui","non",""
"https://www.syntheticswarm.ai/clients","header","lien_externe","AxelCEO↗","https://calendar.app.google/91k1Mpontca7NGea6","_blank","noopener noreferrer","","","","","demo-booking-person","","non","non",""
"https://www.syntheticswarm.ai/clients","header","lien_externe","IlanCTO↗","https://calendar.app.google/91k1Mpontca7NGea6","_blank","noopener noreferrer","","","","","demo-booking-person","","non","non",""
"https://www.syntheticswarm.ai/clients","header","button","Ouvrir le menu","","","","","button","","","mobile-menu-toggle","aria-label=Ouvrir le menu aria-controls=mobile-menu aria-expanded=false","non","oui",""
"https://www.syntheticswarm.ai/clients","main","lien_externe+demo","Réserver une démo","https://calendar.app.google/91k1Mpontca7NGea6","_blank","noopener noreferrer","","","","","btn-get-started","","oui","oui",""
"https://www.syntheticswarm.ai/clients","footer","lien_externe+demo","Réserver une démo","https://calendar.app.google/91k1Mpontca7NGea6","_blank","noopener noreferrer","","","","","btn-get-started","","oui","oui",""
"https://www.syntheticswarm.ai/clients","footer","lien_interne","Voir notre solution →","/notre-solution","","","","","","","brand-close-solution","","oui","oui",""
"https://www.syntheticswarm.ai/clients","footer","form","Newsletter","/api/newsletter","","","","","","","newsletter-form","aria-label=Newsletter","oui","oui","method=post action=/api/newsletter champs=email:email*|:submit|company_website:text"
"https://www.syntheticswarm.ai/clients","footer","input_email","Votre email","","","","email","email","oui","","","aria-label=Votre email","oui","oui",""
"https://www.syntheticswarm.ai/clients","footer","button","S’inscrire","","","","","submit","","","","","oui","oui",""
"https://www.syntheticswarm.ai/clients","footer","input_text","","","","","company_website","text","","","newsletter-honeypot","aria-hidden=true","oui","oui",""
"https://www.syntheticswarm.ai/clients","footer","lien_interne","Synthetic Swarm","/index-fr","","","","","","","logo","","oui","oui",""
"https://www.syntheticswarm.ai/clients","footer","lien_externe","Se connecter","https://app.syntheticswarm.ai/ui/","_blank","noopener noreferrer","","","","","brand-close-login","","oui","oui",""
"https://www.syntheticswarm.ai/clients","footer","lien_interne","Notre solution","/notre-solution","","","","","","","","","oui","oui",""
"https://www.syntheticswarm.ai/clients","footer","lien_interne","Tarifs","/tarifs","","","","","","","","","oui","oui",""
"https://www.syntheticswarm.ai/clients","footer","lien_interne","FAQ","/faq-fr","","","","","","","","","oui","oui",""
"https://www.syntheticswarm.ai/clients","footer","lien_interne","À propos","/a-propos","","","","","","","","","oui","oui",""
"https://www.syntheticswarm.ai/clients","footer","pseudo_lien_desactive","Nos clients","","","","","","","","nav-disabled","role=link aria-disabled=true","oui","oui",""
"https://www.syntheticswarm.ai/clients","footer","lien_interne","Recrutement","/recrutement","","","","","","","","","oui","oui",""
"https://www.syntheticswarm.ai/clients","footer","pseudo_lien_desactive","Médias","","","","","","","","nav-disabled","role=link aria-disabled=true","oui","oui",""
"https://www.syntheticswarm.ai/clients","footer","lien_interne","Contact","/contact-fr","","","","","","","","","oui","oui",""
"https://www.syntheticswarm.ai/clients","footer","lien_interne","Mentions légales","/mentions-legales","","","","","","","","","oui","oui",""
"https://www.syntheticswarm.ai/clients","footer","lien_interne","Confidentialité","/confidentialite","","","","","","","","","oui","oui",""
"https://www.syntheticswarm.ai/clients","footer","lien_interne","Conditions","/conditions","","","","","","","","","oui","oui",""
"https://www.syntheticswarm.ai/clients","footer","lien_interne","Opposition","/opposition","","","","","","","","","oui","oui",""
"https://www.syntheticswarm.ai/clients","menu_mobile","button","Fermer le menu","","","","","button","","","mobile-menu-close","aria-label=Fermer le menu","non","non",""
"https://www.syntheticswarm.ai/clients","menu_mobile","lien_interne","","/notre-solution","","","","","","","","","non","non",""
"https://www.syntheticswarm.ai/clients","menu_mobile","lien_interne","","/tarifs","","","","","","","","","non","non",""
"https://www.syntheticswarm.ai/clients","menu_mobile","lien_interne","","/a-propos","","","","","","","","","non","non",""
"https://www.syntheticswarm.ai/clients","menu_mobile","lien_interne","","/recrutement","","","","","","","","","non","non",""
"https://www.syntheticswarm.ai/clients","menu_mobile","pseudo_lien_desactive","","","","","","","","","nav-disabled","role=link aria-disabled=true","non","non",""
"https://www.syntheticswarm.ai/clients","menu_mobile","button+disclosure","Choisir la langue","","","","","button","","","language-trigger shared-chevron-trigger","aria-expanded=false aria-controls=mobile-header-language-options aria-label=Choisir la langue","non","non",""
"https://www.syntheticswarm.ai/clients","menu_mobile","lien_interne+langue","FR","/clients","","","","","","","","aria-current=true","non","non",""
"https://www.syntheticswarm.ai/clients","menu_mobile","lien_interne+langue","EN","/customers","","","","","","","","","non","non",""
"https://www.syntheticswarm.ai/clients","menu_mobile","lien_externe","","https://app.syntheticswarm.ai/ui/","_blank","noopener noreferrer","","","","","btn-login header-action","","non","non",""
"https://www.syntheticswarm.ai/clients","menu_mobile","button+disclosure+demo","","","","","","button","","","btn-get-started header-action","aria-expanded=false aria-controls=mobile-header-demo-options","non","non",""
"https://www.syntheticswarm.ai/clients","menu_mobile","lien_externe","AxelCEO↗","https://calendar.app.google/91k1Mpontca7NGea6","_blank","noopener noreferrer","","","","","demo-booking-person","","non","non",""
"https://www.syntheticswarm.ai/clients","menu_mobile","lien_externe","IlanCTO↗","https://calendar.app.google/91k1Mpontca7NGea6","_blank","noopener noreferrer","","","","","demo-booking-person","","non","non",""
"https://www.syntheticswarm.ai/media","autre","ancre","Skip to content","#main","","","","","","","skip-link","","oui","oui",""
"https://www.syntheticswarm.ai/media","header","lien_interne","Synthetic Swarm","/","","","","","","","logo","","oui","oui",""
"https://www.syntheticswarm.ai/media","header","lien_interne","Our solution","/our-solution","","","","","","","","","oui","non",""
"https://www.syntheticswarm.ai/media","header","lien_interne","Pricing","/pricing","","","","","","","","","oui","non",""
"https://www.syntheticswarm.ai/media","header","button+disclosure","About","","","","","button","","","nav-link-dropdown shared-chevron-trigger","aria-expanded=false aria-controls=header-about-options","oui","non",""
"https://www.syntheticswarm.ai/media","header","lien_interne","Who we are","/about","","","","","","","","","non","non",""
"https://www.syntheticswarm.ai/media","header","lien_interne","Careers","/careers","","","","","","","","","non","non",""
"https://www.syntheticswarm.ai/media","header","pseudo_lien_desactive","Media","","","","","","","","nav-disabled","role=link aria-disabled=true","non","non",""
"https://www.syntheticswarm.ai/media","header","button+disclosure","Choose language","","","","","button","","","language-trigger shared-chevron-trigger","aria-expanded=false aria-controls=header-language-options aria-label=Choose language","oui","non",""
"https://www.syntheticswarm.ai/media","header","lien_interne+langue","EN","/media","","","","","","","","aria-current=true","non","non",""
"https://www.syntheticswarm.ai/media","header","lien_interne+langue","FR","/medias","","","","","","","","","non","non",""
"https://www.syntheticswarm.ai/media","header","lien_externe","Log in","https://app.syntheticswarm.ai/ui/","_blank","noopener noreferrer","","","","","btn-login header-action","","oui","non",""
"https://www.syntheticswarm.ai/media","header","button+disclosure+demo","Demo","","","","","button","","","btn-get-started header-action","aria-expanded=false aria-controls=header-demo-options","oui","non",""
"https://www.syntheticswarm.ai/media","header","lien_externe","AxelCEO↗","https://calendar.app.google/91k1Mpontca7NGea6","_blank","noopener noreferrer","","","","","demo-booking-person","","non","non",""
"https://www.syntheticswarm.ai/media","header","lien_externe","IlanCTO↗","https://calendar.app.google/91k1Mpontca7NGea6","_blank","noopener noreferrer","","","","","demo-booking-person","","non","non",""
"https://www.syntheticswarm.ai/media","header","button","Open menu","","","","","button","","","mobile-menu-toggle","aria-label=Open menu aria-controls=mobile-menu aria-expanded=false","non","oui",""
"https://www.syntheticswarm.ai/media","main","lien_interne","Contact the team","/contact","","","","","","","page-button","","oui","oui",""
"https://www.syntheticswarm.ai/media","footer","lien_externe+demo","Book a demo","https://calendar.app.google/91k1Mpontca7NGea6","_blank","noopener noreferrer","","","","","btn-get-started","","oui","oui",""
"https://www.syntheticswarm.ai/media","footer","lien_interne","Explore our solution →","/our-solution","","","","","","","brand-close-solution","","oui","oui",""
"https://www.syntheticswarm.ai/media","footer","form","Newsletter","/api/newsletter","","","","","","","newsletter-form","aria-label=Newsletter","oui","oui","method=post action=/api/newsletter champs=email:email*|:submit|company_website:text"
"https://www.syntheticswarm.ai/media","footer","input_email","Your email","","","","email","email","oui","","","aria-label=Your email","oui","oui",""
"https://www.syntheticswarm.ai/media","footer","button","Subscribe","","","","","submit","","","","","oui","oui",""
"https://www.syntheticswarm.ai/media","footer","input_text","","","","","company_website","text","","","newsletter-honeypot","aria-hidden=true","oui","oui",""
"https://www.syntheticswarm.ai/media","footer","lien_interne","Synthetic Swarm","/","","","","","","","logo","","oui","oui",""
"https://www.syntheticswarm.ai/media","footer","lien_externe","Log in","https://app.syntheticswarm.ai/ui/","_blank","noopener noreferrer","","","","","brand-close-login","","oui","oui",""
"https://www.syntheticswarm.ai/media","footer","lien_interne","Our solution","/our-solution","","","","","","","","","oui","oui",""
"https://www.syntheticswarm.ai/media","footer","lien_interne","Pricing","/pricing","","","","","","","","","oui","oui",""
"https://www.syntheticswarm.ai/media","footer","lien_interne","FAQ","/faq","","","","","","","","","oui","oui",""
"https://www.syntheticswarm.ai/media","footer","lien_interne","About","/about","","","","","","","","","oui","oui",""
"https://www.syntheticswarm.ai/media","footer","pseudo_lien_desactive","Customers","","","","","","","","nav-disabled","role=link aria-disabled=true","oui","oui",""
"https://www.syntheticswarm.ai/media","footer","lien_interne","Careers","/careers","","","","","","","","","oui","oui",""
"https://www.syntheticswarm.ai/media","footer","pseudo_lien_desactive","Media","","","","","","","","nav-disabled","role=link aria-disabled=true","oui","oui",""
"https://www.syntheticswarm.ai/media","footer","lien_interne","Contact","/contact","","","","","","","","","oui","oui",""
"https://www.syntheticswarm.ai/media","footer","lien_interne","Legal Notice","/legal-notice","","","","","","","","","oui","oui",""
"https://www.syntheticswarm.ai/media","footer","lien_interne","Privacy","/privacy","","","","","","","","","oui","oui",""
"https://www.syntheticswarm.ai/media","footer","lien_interne","Terms","/terms","","","","","","","","","oui","oui",""
"https://www.syntheticswarm.ai/media","footer","lien_interne","Opt out","/opt-out","","","","","","","","","oui","oui",""
"https://www.syntheticswarm.ai/media","menu_mobile","button","Close menu","","","","","button","","","mobile-menu-close","aria-label=Close menu","non","non",""
"https://www.syntheticswarm.ai/media","menu_mobile","lien_interne","","/our-solution","","","","","","","","","non","non",""
"https://www.syntheticswarm.ai/media","menu_mobile","lien_interne","","/pricing","","","","","","","","","non","non",""
"https://www.syntheticswarm.ai/media","menu_mobile","lien_interne","","/about","","","","","","","","","non","non",""
"https://www.syntheticswarm.ai/media","menu_mobile","lien_interne","","/careers","","","","","","","","","non","non",""
"https://www.syntheticswarm.ai/media","menu_mobile","pseudo_lien_desactive","","","","","","","","","nav-disabled","role=link aria-disabled=true","non","non",""
"https://www.syntheticswarm.ai/media","menu_mobile","button+disclosure","Choose language","","","","","button","","","language-trigger shared-chevron-trigger","aria-expanded=false aria-controls=mobile-header-language-options aria-label=Choose language","non","non",""
"https://www.syntheticswarm.ai/media","menu_mobile","lien_interne+langue","EN","/media","","","","","","","","aria-current=true","non","non",""
"https://www.syntheticswarm.ai/media","menu_mobile","lien_interne+langue","FR","/medias","","","","","","","","","non","non",""
"https://www.syntheticswarm.ai/media","menu_mobile","lien_externe","","https://app.syntheticswarm.ai/ui/","_blank","noopener noreferrer","","","","","btn-login header-action","","non","non",""
"https://www.syntheticswarm.ai/media","menu_mobile","button+disclosure+demo","","","","","","button","","","btn-get-started header-action","aria-expanded=false aria-controls=mobile-header-demo-options","non","non",""
"https://www.syntheticswarm.ai/media","menu_mobile","lien_externe","AxelCEO↗","https://calendar.app.google/91k1Mpontca7NGea6","_blank","noopener noreferrer","","","","","demo-booking-person","","non","non",""
"https://www.syntheticswarm.ai/media","menu_mobile","lien_externe","IlanCTO↗","https://calendar.app.google/91k1Mpontca7NGea6","_blank","noopener noreferrer","","","","","demo-booking-person","","non","non",""
"https://www.syntheticswarm.ai/medias","autre","ancre","Aller au contenu","#main","","","","","","","skip-link","","oui","oui",""
"https://www.syntheticswarm.ai/medias","header","lien_interne","Synthetic Swarm","/index-fr","","","","","","","logo","","oui","oui",""
"https://www.syntheticswarm.ai/medias","header","lien_interne","Notre solution","/notre-solution","","","","","","","","","oui","non",""
"https://www.syntheticswarm.ai/medias","header","lien_interne","Tarifs","/tarifs","","","","","","","","","oui","non",""
"https://www.syntheticswarm.ai/medias","header","button+disclosure","À propos","","","","","button","","","nav-link-dropdown shared-chevron-trigger","aria-expanded=false aria-controls=header-about-options","oui","non",""
"https://www.syntheticswarm.ai/medias","header","lien_interne","Qui sommes-nous","/a-propos","","","","","","","","","non","non",""
"https://www.syntheticswarm.ai/medias","header","lien_interne","Recrutement","/recrutement","","","","","","","","","non","non",""
"https://www.syntheticswarm.ai/medias","header","pseudo_lien_desactive","Médias","","","","","","","","nav-disabled","role=link aria-disabled=true","non","non",""
"https://www.syntheticswarm.ai/medias","header","button+disclosure","Choisir la langue","","","","","button","","","language-trigger shared-chevron-trigger","aria-expanded=false aria-controls=header-language-options aria-label=Choisir la langue","oui","non",""
"https://www.syntheticswarm.ai/medias","header","lien_interne+langue","FR","/medias","","","","","","","","aria-current=true","non","non",""
"https://www.syntheticswarm.ai/medias","header","lien_interne+langue","EN","/media","","","","","","","","","non","non",""
"https://www.syntheticswarm.ai/medias","header","lien_externe","Connexion","https://app.syntheticswarm.ai/ui/","_blank","noopener noreferrer","","","","","btn-login header-action","","oui","non",""
"https://www.syntheticswarm.ai/medias","header","button+disclosure+demo","Démo","","","","","button","","","btn-get-started header-action","aria-expanded=false aria-controls=header-demo-options","oui","non",""
"https://www.syntheticswarm.ai/medias","header","lien_externe","AxelCEO↗","https://calendar.app.google/91k1Mpontca7NGea6","_blank","noopener noreferrer","","","","","demo-booking-person","","non","non",""
"https://www.syntheticswarm.ai/medias","header","lien_externe","IlanCTO↗","https://calendar.app.google/91k1Mpontca7NGea6","_blank","noopener noreferrer","","","","","demo-booking-person","","non","non",""
"https://www.syntheticswarm.ai/medias","header","button","Ouvrir le menu","","","","","button","","","mobile-menu-toggle","aria-label=Ouvrir le menu aria-controls=mobile-menu aria-expanded=false","non","oui",""
"https://www.syntheticswarm.ai/medias","main","lien_interne","Contacter l’équipe","/contact-fr","","","","","","","page-button","","oui","oui",""
"https://www.syntheticswarm.ai/medias","footer","lien_externe+demo","Réserver une démo","https://calendar.app.google/91k1Mpontca7NGea6","_blank","noopener noreferrer","","","","","btn-get-started","","oui","oui",""
"https://www.syntheticswarm.ai/medias","footer","lien_interne","Voir notre solution →","/notre-solution","","","","","","","brand-close-solution","","oui","oui",""
"https://www.syntheticswarm.ai/medias","footer","form","Newsletter","/api/newsletter","","","","","","","newsletter-form","aria-label=Newsletter","oui","oui","method=post action=/api/newsletter champs=email:email*|:submit|company_website:text"
"https://www.syntheticswarm.ai/medias","footer","input_email","Votre email","","","","email","email","oui","","","aria-label=Votre email","oui","oui",""
"https://www.syntheticswarm.ai/medias","footer","button","S’inscrire","","","","","submit","","","","","oui","oui",""
"https://www.syntheticswarm.ai/medias","footer","input_text","","","","","company_website","text","","","newsletter-honeypot","aria-hidden=true","oui","oui",""
"https://www.syntheticswarm.ai/medias","footer","lien_interne","Synthetic Swarm","/index-fr","","","","","","","logo","","oui","oui",""
"https://www.syntheticswarm.ai/medias","footer","lien_externe","Se connecter","https://app.syntheticswarm.ai/ui/","_blank","noopener noreferrer","","","","","brand-close-login","","oui","oui",""
"https://www.syntheticswarm.ai/medias","footer","lien_interne","Notre solution","/notre-solution","","","","","","","","","oui","oui",""
"https://www.syntheticswarm.ai/medias","footer","lien_interne","Tarifs","/tarifs","","","","","","","","","oui","oui",""
"https://www.syntheticswarm.ai/medias","footer","lien_interne","FAQ","/faq-fr","","","","","","","","","oui","oui",""
"https://www.syntheticswarm.ai/medias","footer","lien_interne","À propos","/a-propos","","","","","","","","","oui","oui",""
"https://www.syntheticswarm.ai/medias","footer","pseudo_lien_desactive","Nos clients","","","","","","","","nav-disabled","role=link aria-disabled=true","oui","oui",""
"https://www.syntheticswarm.ai/medias","footer","lien_interne","Recrutement","/recrutement","","","","","","","","","oui","oui",""
"https://www.syntheticswarm.ai/medias","footer","pseudo_lien_desactive","Médias","","","","","","","","nav-disabled","role=link aria-disabled=true","oui","oui",""
"https://www.syntheticswarm.ai/medias","footer","lien_interne","Contact","/contact-fr","","","","","","","","","oui","oui",""
"https://www.syntheticswarm.ai/medias","footer","lien_interne","Mentions légales","/mentions-legales","","","","","","","","","oui","oui",""
"https://www.syntheticswarm.ai/medias","footer","lien_interne","Confidentialité","/confidentialite","","","","","","","","","oui","oui",""
"https://www.syntheticswarm.ai/medias","footer","lien_interne","Conditions","/conditions","","","","","","","","","oui","oui",""
"https://www.syntheticswarm.ai/medias","footer","lien_interne","Opposition","/opposition","","","","","","","","","oui","oui",""
"https://www.syntheticswarm.ai/medias","menu_mobile","button","Fermer le menu","","","","","button","","","mobile-menu-close","aria-label=Fermer le menu","non","non",""
"https://www.syntheticswarm.ai/medias","menu_mobile","lien_interne","","/notre-solution","","","","","","","","","non","non",""
"https://www.syntheticswarm.ai/medias","menu_mobile","lien_interne","","/tarifs","","","","","","","","","non","non",""
"https://www.syntheticswarm.ai/medias","menu_mobile","lien_interne","","/a-propos","","","","","","","","","non","non",""
"https://www.syntheticswarm.ai/medias","menu_mobile","lien_interne","","/recrutement","","","","","","","","","non","non",""
"https://www.syntheticswarm.ai/medias","menu_mobile","pseudo_lien_desactive","","","","","","","","","nav-disabled","role=link aria-disabled=true","non","non",""
"https://www.syntheticswarm.ai/medias","menu_mobile","button+disclosure","Choisir la langue","","","","","button","","","language-trigger shared-chevron-trigger","aria-expanded=false aria-controls=mobile-header-language-options aria-label=Choisir la langue","non","non",""
"https://www.syntheticswarm.ai/medias","menu_mobile","lien_interne+langue","FR","/medias","","","","","","","","aria-current=true","non","non",""
"https://www.syntheticswarm.ai/medias","menu_mobile","lien_interne+langue","EN","/media","","","","","","","","","non","non",""
"https://www.syntheticswarm.ai/medias","menu_mobile","lien_externe","","https://app.syntheticswarm.ai/ui/","_blank","noopener noreferrer","","","","","btn-login header-action","","non","non",""
"https://www.syntheticswarm.ai/medias","menu_mobile","button+disclosure+demo","","","","","","button","","","btn-get-started header-action","aria-expanded=false aria-controls=mobile-header-demo-options","non","non",""
"https://www.syntheticswarm.ai/medias","menu_mobile","lien_externe","AxelCEO↗","https://calendar.app.google/91k1Mpontca7NGea6","_blank","noopener noreferrer","","","","","demo-booking-person","","non","non",""
"https://www.syntheticswarm.ai/medias","menu_mobile","lien_externe","IlanCTO↗","https://calendar.app.google/91k1Mpontca7NGea6","_blank","noopener noreferrer","","","","","demo-booking-person","","non","non",""
"https://www.syntheticswarm.ai/legal-notice","autre","ancre","Skip to content","#main","","","","","","","skip-link","","oui","oui",""
"https://www.syntheticswarm.ai/legal-notice","header","lien_interne","Synthetic Swarm","/","","","","","","","logo","","oui","oui",""
"https://www.syntheticswarm.ai/legal-notice","header","lien_interne","Our solution","/our-solution","","","","","","","","","oui","non",""
"https://www.syntheticswarm.ai/legal-notice","header","lien_interne","Pricing","/pricing","","","","","","","","","oui","non",""
"https://www.syntheticswarm.ai/legal-notice","header","button+disclosure","About","","","","","button","","","nav-link-dropdown shared-chevron-trigger","aria-expanded=false aria-controls=header-about-options","oui","non",""
"https://www.syntheticswarm.ai/legal-notice","header","lien_interne","Who we are","/about","","","","","","","","","non","non",""
"https://www.syntheticswarm.ai/legal-notice","header","lien_interne","Careers","/careers","","","","","","","","","non","non",""
"https://www.syntheticswarm.ai/legal-notice","header","pseudo_lien_desactive","Media","","","","","","","","nav-disabled","role=link aria-disabled=true","non","non",""
"https://www.syntheticswarm.ai/legal-notice","header","button+disclosure","Choose language","","","","","button","","","language-trigger shared-chevron-trigger","aria-expanded=false aria-controls=header-language-options aria-label=Choose language","oui","non",""
"https://www.syntheticswarm.ai/legal-notice","header","lien_interne+langue","EN","/legal-notice","","","","","","","","aria-current=true","non","non",""
"https://www.syntheticswarm.ai/legal-notice","header","lien_interne+langue","FR","/mentions-legales","","","","","","","","","non","non",""
"https://www.syntheticswarm.ai/legal-notice","header","lien_externe","Log in","https://app.syntheticswarm.ai/ui/","_blank","noopener noreferrer","","","","","btn-login header-action","","oui","non",""
"https://www.syntheticswarm.ai/legal-notice","header","button+disclosure+demo","Demo","","","","","button","","","btn-get-started header-action","aria-expanded=false aria-controls=header-demo-options","oui","non",""
"https://www.syntheticswarm.ai/legal-notice","header","lien_externe","AxelCEO↗","https://calendar.app.google/91k1Mpontca7NGea6","_blank","noopener noreferrer","","","","","demo-booking-person","","non","non",""
"https://www.syntheticswarm.ai/legal-notice","header","lien_externe","IlanCTO↗","https://calendar.app.google/91k1Mpontca7NGea6","_blank","noopener noreferrer","","","","","demo-booking-person","","non","non",""
"https://www.syntheticswarm.ai/legal-notice","header","button","Open menu","","","","","button","","","mobile-menu-toggle","aria-label=Open menu aria-controls=mobile-menu aria-expanded=false","non","oui",""
"https://www.syntheticswarm.ai/legal-notice","main","mailto","contact@syntheticswarm.ai","mailto:contact@syntheticswarm.ai","","","","","","","","","oui","oui",""
"https://www.syntheticswarm.ai/legal-notice","footer","lien_externe+demo","Book a demo","https://calendar.app.google/91k1Mpontca7NGea6","_blank","noopener noreferrer","","","","","btn-get-started","","oui","oui",""
"https://www.syntheticswarm.ai/legal-notice","footer","lien_interne","Explore our solution →","/our-solution","","","","","","","brand-close-solution","","oui","oui",""
"https://www.syntheticswarm.ai/legal-notice","footer","form","Newsletter","/api/newsletter","","","","","","","newsletter-form","aria-label=Newsletter","oui","oui","method=post action=/api/newsletter champs=email:email*|:submit|company_website:text"
"https://www.syntheticswarm.ai/legal-notice","footer","input_email","Your email","","","","email","email","oui","","","aria-label=Your email","oui","oui",""
"https://www.syntheticswarm.ai/legal-notice","footer","button","Subscribe","","","","","submit","","","","","oui","oui",""
"https://www.syntheticswarm.ai/legal-notice","footer","input_text","","","","","company_website","text","","","newsletter-honeypot","aria-hidden=true","oui","oui",""
"https://www.syntheticswarm.ai/legal-notice","footer","lien_interne","Synthetic Swarm","/","","","","","","","logo","","oui","oui",""
"https://www.syntheticswarm.ai/legal-notice","footer","lien_externe","Log in","https://app.syntheticswarm.ai/ui/","_blank","noopener noreferrer","","","","","brand-close-login","","oui","oui",""
"https://www.syntheticswarm.ai/legal-notice","footer","lien_interne","Our solution","/our-solution","","","","","","","","","oui","oui",""
"https://www.syntheticswarm.ai/legal-notice","footer","lien_interne","Pricing","/pricing","","","","","","","","","oui","oui",""
"https://www.syntheticswarm.ai/legal-notice","footer","lien_interne","FAQ","/faq","","","","","","","","","oui","oui",""
"https://www.syntheticswarm.ai/legal-notice","footer","lien_interne","About","/about","","","","","","","","","oui","oui",""
"https://www.syntheticswarm.ai/legal-notice","footer","pseudo_lien_desactive","Customers","","","","","","","","nav-disabled","role=link aria-disabled=true","oui","oui",""
"https://www.syntheticswarm.ai/legal-notice","footer","lien_interne","Careers","/careers","","","","","","","","","oui","oui",""
"https://www.syntheticswarm.ai/legal-notice","footer","pseudo_lien_desactive","Media","","","","","","","","nav-disabled","role=link aria-disabled=true","oui","oui",""
"https://www.syntheticswarm.ai/legal-notice","footer","lien_interne","Contact","/contact","","","","","","","","","oui","oui",""
"https://www.syntheticswarm.ai/legal-notice","footer","lien_interne","Legal Notice","/legal-notice","","","","","","","","","oui","oui",""
"https://www.syntheticswarm.ai/legal-notice","footer","lien_interne","Privacy","/privacy","","","","","","","","","oui","oui",""
"https://www.syntheticswarm.ai/legal-notice","footer","lien_interne","Terms","/terms","","","","","","","","","oui","oui",""
"https://www.syntheticswarm.ai/legal-notice","footer","lien_interne","Opt out","/opt-out","","","","","","","","","oui","oui",""
"https://www.syntheticswarm.ai/legal-notice","menu_mobile","button","Close menu","","","","","button","","","mobile-menu-close","aria-label=Close menu","non","non",""
"https://www.syntheticswarm.ai/legal-notice","menu_mobile","lien_interne","","/our-solution","","","","","","","","","non","non",""
"https://www.syntheticswarm.ai/legal-notice","menu_mobile","lien_interne","","/pricing","","","","","","","","","non","non",""
"https://www.syntheticswarm.ai/legal-notice","menu_mobile","lien_interne","","/about","","","","","","","","","non","non",""
"https://www.syntheticswarm.ai/legal-notice","menu_mobile","lien_interne","","/careers","","","","","","","","","non","non",""
"https://www.syntheticswarm.ai/legal-notice","menu_mobile","pseudo_lien_desactive","","","","","","","","","nav-disabled","role=link aria-disabled=true","non","non",""
"https://www.syntheticswarm.ai/legal-notice","menu_mobile","button+disclosure","Choose language","","","","","button","","","language-trigger shared-chevron-trigger","aria-expanded=false aria-controls=mobile-header-language-options aria-label=Choose language","non","non",""
"https://www.syntheticswarm.ai/legal-notice","menu_mobile","lien_interne+langue","EN","/legal-notice","","","","","","","","aria-current=true","non","non",""
"https://www.syntheticswarm.ai/legal-notice","menu_mobile","lien_interne+langue","FR","/mentions-legales","","","","","","","","","non","non",""
"https://www.syntheticswarm.ai/legal-notice","menu_mobile","lien_externe","","https://app.syntheticswarm.ai/ui/","_blank","noopener noreferrer","","","","","btn-login header-action","","non","non",""
"https://www.syntheticswarm.ai/legal-notice","menu_mobile","button+disclosure+demo","","","","","","button","","","btn-get-started header-action","aria-expanded=false aria-controls=mobile-header-demo-options","non","non",""
"https://www.syntheticswarm.ai/legal-notice","menu_mobile","lien_externe","AxelCEO↗","https://calendar.app.google/91k1Mpontca7NGea6","_blank","noopener noreferrer","","","","","demo-booking-person","","non","non",""
"https://www.syntheticswarm.ai/legal-notice","menu_mobile","lien_externe","IlanCTO↗","https://calendar.app.google/91k1Mpontca7NGea6","_blank","noopener noreferrer","","","","","demo-booking-person","","non","non",""
"https://www.syntheticswarm.ai/mentions-legales","autre","ancre","Aller au contenu","#main","","","","","","","skip-link","","oui","oui",""
"https://www.syntheticswarm.ai/mentions-legales","header","lien_interne","Synthetic Swarm","/index-fr","","","","","","","logo","","oui","oui",""
"https://www.syntheticswarm.ai/mentions-legales","header","lien_interne","Notre solution","/notre-solution","","","","","","","","","oui","non",""
"https://www.syntheticswarm.ai/mentions-legales","header","lien_interne","Tarifs","/tarifs","","","","","","","","","oui","non",""
"https://www.syntheticswarm.ai/mentions-legales","header","button+disclosure","À propos","","","","","button","","","nav-link-dropdown shared-chevron-trigger","aria-expanded=false aria-controls=header-about-options","oui","non",""
"https://www.syntheticswarm.ai/mentions-legales","header","lien_interne","Qui sommes-nous","/a-propos","","","","","","","","","non","non",""
"https://www.syntheticswarm.ai/mentions-legales","header","lien_interne","Recrutement","/recrutement","","","","","","","","","non","non",""
"https://www.syntheticswarm.ai/mentions-legales","header","pseudo_lien_desactive","Médias","","","","","","","","nav-disabled","role=link aria-disabled=true","non","non",""
"https://www.syntheticswarm.ai/mentions-legales","header","button+disclosure","Choisir la langue","","","","","button","","","language-trigger shared-chevron-trigger","aria-expanded=false aria-controls=header-language-options aria-label=Choisir la langue","oui","non",""
"https://www.syntheticswarm.ai/mentions-legales","header","lien_interne+langue","FR","/mentions-legales","","","","","","","","aria-current=true","non","non",""
"https://www.syntheticswarm.ai/mentions-legales","header","lien_interne+langue","EN","/legal-notice","","","","","","","","","non","non",""
"https://www.syntheticswarm.ai/mentions-legales","header","lien_externe","Connexion","https://app.syntheticswarm.ai/ui/","_blank","noopener noreferrer","","","","","btn-login header-action","","oui","non",""
"https://www.syntheticswarm.ai/mentions-legales","header","button+disclosure+demo","Démo","","","","","button","","","btn-get-started header-action","aria-expanded=false aria-controls=header-demo-options","oui","non",""
"https://www.syntheticswarm.ai/mentions-legales","header","lien_externe","AxelCEO↗","https://calendar.app.google/91k1Mpontca7NGea6","_blank","noopener noreferrer","","","","","demo-booking-person","","non","non",""
"https://www.syntheticswarm.ai/mentions-legales","header","lien_externe","IlanCTO↗","https://calendar.app.google/91k1Mpontca7NGea6","_blank","noopener noreferrer","","","","","demo-booking-person","","non","non",""
"https://www.syntheticswarm.ai/mentions-legales","header","button","Ouvrir le menu","","","","","button","","","mobile-menu-toggle","aria-label=Ouvrir le menu aria-controls=mobile-menu aria-expanded=false","non","oui",""
"https://www.syntheticswarm.ai/mentions-legales","main","mailto","contact@syntheticswarm.ai","mailto:contact@syntheticswarm.ai","","","","","","","","","oui","oui",""
"https://www.syntheticswarm.ai/mentions-legales","footer","lien_externe+demo","Réserver une démo","https://calendar.app.google/91k1Mpontca7NGea6","_blank","noopener noreferrer","","","","","btn-get-started","","oui","oui",""
"https://www.syntheticswarm.ai/mentions-legales","footer","lien_interne","Voir notre solution →","/notre-solution","","","","","","","brand-close-solution","","oui","oui",""
"https://www.syntheticswarm.ai/mentions-legales","footer","form","Newsletter","/api/newsletter","","","","","","","newsletter-form","aria-label=Newsletter","oui","oui","method=post action=/api/newsletter champs=email:email*|:submit|company_website:text"
"https://www.syntheticswarm.ai/mentions-legales","footer","input_email","Votre email","","","","email","email","oui","","","aria-label=Votre email","oui","oui",""
"https://www.syntheticswarm.ai/mentions-legales","footer","button","S’inscrire","","","","","submit","","","","","oui","oui",""
"https://www.syntheticswarm.ai/mentions-legales","footer","input_text","","","","","company_website","text","","","newsletter-honeypot","aria-hidden=true","oui","oui",""
"https://www.syntheticswarm.ai/mentions-legales","footer","lien_interne","Synthetic Swarm","/index-fr","","","","","","","logo","","oui","oui",""
"https://www.syntheticswarm.ai/mentions-legales","footer","lien_externe","Se connecter","https://app.syntheticswarm.ai/ui/","_blank","noopener noreferrer","","","","","brand-close-login","","oui","oui",""
"https://www.syntheticswarm.ai/mentions-legales","footer","lien_interne","Notre solution","/notre-solution","","","","","","","","","oui","oui",""
"https://www.syntheticswarm.ai/mentions-legales","footer","lien_interne","Tarifs","/tarifs","","","","","","","","","oui","oui",""
"https://www.syntheticswarm.ai/mentions-legales","footer","lien_interne","FAQ","/faq-fr","","","","","","","","","oui","oui",""
"https://www.syntheticswarm.ai/mentions-legales","footer","lien_interne","À propos","/a-propos","","","","","","","","","oui","oui",""
"https://www.syntheticswarm.ai/mentions-legales","footer","pseudo_lien_desactive","Nos clients","","","","","","","","nav-disabled","role=link aria-disabled=true","oui","oui",""
"https://www.syntheticswarm.ai/mentions-legales","footer","lien_interne","Recrutement","/recrutement","","","","","","","","","oui","oui",""
"https://www.syntheticswarm.ai/mentions-legales","footer","pseudo_lien_desactive","Médias","","","","","","","","nav-disabled","role=link aria-disabled=true","oui","oui",""
"https://www.syntheticswarm.ai/mentions-legales","footer","lien_interne","Contact","/contact-fr","","","","","","","","","oui","oui",""
"https://www.syntheticswarm.ai/mentions-legales","footer","lien_interne","Mentions légales","/mentions-legales","","","","","","","","","oui","oui",""
"https://www.syntheticswarm.ai/mentions-legales","footer","lien_interne","Confidentialité","/confidentialite","","","","","","","","","oui","oui",""
"https://www.syntheticswarm.ai/mentions-legales","footer","lien_interne","Conditions","/conditions","","","","","","","","","oui","oui",""
"https://www.syntheticswarm.ai/mentions-legales","footer","lien_interne","Opposition","/opposition","","","","","","","","","oui","oui",""
"https://www.syntheticswarm.ai/mentions-legales","menu_mobile","button","Fermer le menu","","","","","button","","","mobile-menu-close","aria-label=Fermer le menu","non","non",""
"https://www.syntheticswarm.ai/mentions-legales","menu_mobile","lien_interne","","/notre-solution","","","","","","","","","non","non",""
"https://www.syntheticswarm.ai/mentions-legales","menu_mobile","lien_interne","","/tarifs","","","","","","","","","non","non",""
"https://www.syntheticswarm.ai/mentions-legales","menu_mobile","lien_interne","","/a-propos","","","","","","","","","non","non",""
"https://www.syntheticswarm.ai/mentions-legales","menu_mobile","lien_interne","","/recrutement","","","","","","","","","non","non",""
"https://www.syntheticswarm.ai/mentions-legales","menu_mobile","pseudo_lien_desactive","","","","","","","","","nav-disabled","role=link aria-disabled=true","non","non",""
"https://www.syntheticswarm.ai/mentions-legales","menu_mobile","button+disclosure","Choisir la langue","","","","","button","","","language-trigger shared-chevron-trigger","aria-expanded=false aria-controls=mobile-header-language-options aria-label=Choisir la langue","non","non",""
"https://www.syntheticswarm.ai/mentions-legales","menu_mobile","lien_interne+langue","FR","/mentions-legales","","","","","","","","aria-current=true","non","non",""
"https://www.syntheticswarm.ai/mentions-legales","menu_mobile","lien_interne+langue","EN","/legal-notice","","","","","","","","","non","non",""
"https://www.syntheticswarm.ai/mentions-legales","menu_mobile","lien_externe","","https://app.syntheticswarm.ai/ui/","_blank","noopener noreferrer","","","","","btn-login header-action","","non","non",""
"https://www.syntheticswarm.ai/mentions-legales","menu_mobile","button+disclosure+demo","","","","","","button","","","btn-get-started header-action","aria-expanded=false aria-controls=mobile-header-demo-options","non","non",""
"https://www.syntheticswarm.ai/mentions-legales","menu_mobile","lien_externe","AxelCEO↗","https://calendar.app.google/91k1Mpontca7NGea6","_blank","noopener noreferrer","","","","","demo-booking-person","","non","non",""
"https://www.syntheticswarm.ai/mentions-legales","menu_mobile","lien_externe","IlanCTO↗","https://calendar.app.google/91k1Mpontca7NGea6","_blank","noopener noreferrer","","","","","demo-booking-person","","non","non",""
"https://www.syntheticswarm.ai/privacy","autre","ancre","Skip to content","#main","","","","","","","skip-link","","oui","oui",""
"https://www.syntheticswarm.ai/privacy","header","lien_interne","Synthetic Swarm","/","","","","","","","logo","","oui","oui",""
"https://www.syntheticswarm.ai/privacy","header","lien_interne","Our solution","/our-solution","","","","","","","","","oui","non",""
"https://www.syntheticswarm.ai/privacy","header","lien_interne","Pricing","/pricing","","","","","","","","","oui","non",""
"https://www.syntheticswarm.ai/privacy","header","button+disclosure","About","","","","","button","","","nav-link-dropdown shared-chevron-trigger","aria-expanded=false aria-controls=header-about-options","oui","non",""
"https://www.syntheticswarm.ai/privacy","header","lien_interne","Who we are","/about","","","","","","","","","non","non",""
"https://www.syntheticswarm.ai/privacy","header","lien_interne","Careers","/careers","","","","","","","","","non","non",""
"https://www.syntheticswarm.ai/privacy","header","pseudo_lien_desactive","Media","","","","","","","","nav-disabled","role=link aria-disabled=true","non","non",""
"https://www.syntheticswarm.ai/privacy","header","button+disclosure","Choose language","","","","","button","","","language-trigger shared-chevron-trigger","aria-expanded=false aria-controls=header-language-options aria-label=Choose language","oui","non",""
"https://www.syntheticswarm.ai/privacy","header","lien_interne+langue","EN","/privacy","","","","","","","","aria-current=true","non","non",""
"https://www.syntheticswarm.ai/privacy","header","lien_interne+langue","FR","/confidentialite","","","","","","","","","non","non",""
"https://www.syntheticswarm.ai/privacy","header","lien_externe","Log in","https://app.syntheticswarm.ai/ui/","_blank","noopener noreferrer","","","","","btn-login header-action","","oui","non",""
"https://www.syntheticswarm.ai/privacy","header","button+disclosure+demo","Demo","","","","","button","","","btn-get-started header-action","aria-expanded=false aria-controls=header-demo-options","oui","non",""
"https://www.syntheticswarm.ai/privacy","header","lien_externe","AxelCEO↗","https://calendar.app.google/91k1Mpontca7NGea6","_blank","noopener noreferrer","","","","","demo-booking-person","","non","non",""
"https://www.syntheticswarm.ai/privacy","header","lien_externe","IlanCTO↗","https://calendar.app.google/91k1Mpontca7NGea6","_blank","noopener noreferrer","","","","","demo-booking-person","","non","non",""
"https://www.syntheticswarm.ai/privacy","header","button","Open menu","","","","","button","","","mobile-menu-toggle","aria-label=Open menu aria-controls=mobile-menu aria-expanded=false","non","oui",""
"https://www.syntheticswarm.ai/privacy","main","mailto","contact@syntheticswarm.ai","mailto:contact@syntheticswarm.ai","","","","","","","","","oui","oui",""
"https://www.syntheticswarm.ai/privacy","main","mailto","contact@syntheticswarm.ai","mailto:contact@syntheticswarm.ai","","","","","","","","","oui","oui",""
"https://www.syntheticswarm.ai/privacy","footer","lien_externe+demo","Book a demo","https://calendar.app.google/91k1Mpontca7NGea6","_blank","noopener noreferrer","","","","","btn-get-started","","oui","oui",""
"https://www.syntheticswarm.ai/privacy","footer","lien_interne","Explore our solution →","/our-solution","","","","","","","brand-close-solution","","oui","oui",""
"https://www.syntheticswarm.ai/privacy","footer","form","Newsletter","/api/newsletter","","","","","","","newsletter-form","aria-label=Newsletter","oui","oui","method=post action=/api/newsletter champs=email:email*|:submit|company_website:text"
"https://www.syntheticswarm.ai/privacy","footer","input_email","Your email","","","","email","email","oui","","","aria-label=Your email","oui","oui",""
"https://www.syntheticswarm.ai/privacy","footer","button","Subscribe","","","","","submit","","","","","oui","oui",""
"https://www.syntheticswarm.ai/privacy","footer","input_text","","","","","company_website","text","","","newsletter-honeypot","aria-hidden=true","oui","oui",""
"https://www.syntheticswarm.ai/privacy","footer","lien_interne","Synthetic Swarm","/","","","","","","","logo","","oui","oui",""
"https://www.syntheticswarm.ai/privacy","footer","lien_externe","Log in","https://app.syntheticswarm.ai/ui/","_blank","noopener noreferrer","","","","","brand-close-login","","oui","oui",""
"https://www.syntheticswarm.ai/privacy","footer","lien_interne","Our solution","/our-solution","","","","","","","","","oui","oui",""
"https://www.syntheticswarm.ai/privacy","footer","lien_interne","Pricing","/pricing","","","","","","","","","oui","oui",""
"https://www.syntheticswarm.ai/privacy","footer","lien_interne","FAQ","/faq","","","","","","","","","oui","oui",""
"https://www.syntheticswarm.ai/privacy","footer","lien_interne","About","/about","","","","","","","","","oui","oui",""
"https://www.syntheticswarm.ai/privacy","footer","pseudo_lien_desactive","Customers","","","","","","","","nav-disabled","role=link aria-disabled=true","oui","oui",""
"https://www.syntheticswarm.ai/privacy","footer","lien_interne","Careers","/careers","","","","","","","","","oui","oui",""
"https://www.syntheticswarm.ai/privacy","footer","pseudo_lien_desactive","Media","","","","","","","","nav-disabled","role=link aria-disabled=true","oui","oui",""
"https://www.syntheticswarm.ai/privacy","footer","lien_interne","Contact","/contact","","","","","","","","","oui","oui",""
"https://www.syntheticswarm.ai/privacy","footer","lien_interne","Legal Notice","/legal-notice","","","","","","","","","oui","oui",""
"https://www.syntheticswarm.ai/privacy","footer","lien_interne","Privacy","/privacy","","","","","","","","","oui","oui",""
"https://www.syntheticswarm.ai/privacy","footer","lien_interne","Terms","/terms","","","","","","","","","oui","oui",""
"https://www.syntheticswarm.ai/privacy","footer","lien_interne","Opt out","/opt-out","","","","","","","","","oui","oui",""
"https://www.syntheticswarm.ai/privacy","menu_mobile","button","Close menu","","","","","button","","","mobile-menu-close","aria-label=Close menu","non","non",""
"https://www.syntheticswarm.ai/privacy","menu_mobile","lien_interne","","/our-solution","","","","","","","","","non","non",""
"https://www.syntheticswarm.ai/privacy","menu_mobile","lien_interne","","/pricing","","","","","","","","","non","non",""
"https://www.syntheticswarm.ai/privacy","menu_mobile","lien_interne","","/about","","","","","","","","","non","non",""
"https://www.syntheticswarm.ai/privacy","menu_mobile","lien_interne","","/careers","","","","","","","","","non","non",""
"https://www.syntheticswarm.ai/privacy","menu_mobile","pseudo_lien_desactive","","","","","","","","","nav-disabled","role=link aria-disabled=true","non","non",""
"https://www.syntheticswarm.ai/privacy","menu_mobile","button+disclosure","Choose language","","","","","button","","","language-trigger shared-chevron-trigger","aria-expanded=false aria-controls=mobile-header-language-options aria-label=Choose language","non","non",""
"https://www.syntheticswarm.ai/privacy","menu_mobile","lien_interne+langue","EN","/privacy","","","","","","","","aria-current=true","non","non",""
"https://www.syntheticswarm.ai/privacy","menu_mobile","lien_interne+langue","FR","/confidentialite","","","","","","","","","non","non",""
"https://www.syntheticswarm.ai/privacy","menu_mobile","lien_externe","","https://app.syntheticswarm.ai/ui/","_blank","noopener noreferrer","","","","","btn-login header-action","","non","non",""
"https://www.syntheticswarm.ai/privacy","menu_mobile","button+disclosure+demo","","","","","","button","","","btn-get-started header-action","aria-expanded=false aria-controls=mobile-header-demo-options","non","non",""
"https://www.syntheticswarm.ai/privacy","menu_mobile","lien_externe","AxelCEO↗","https://calendar.app.google/91k1Mpontca7NGea6","_blank","noopener noreferrer","","","","","demo-booking-person","","non","non",""
"https://www.syntheticswarm.ai/privacy","menu_mobile","lien_externe","IlanCTO↗","https://calendar.app.google/91k1Mpontca7NGea6","_blank","noopener noreferrer","","","","","demo-booking-person","","non","non",""
"https://www.syntheticswarm.ai/confidentialite","autre","ancre","Aller au contenu","#main","","","","","","","skip-link","","oui","oui",""
"https://www.syntheticswarm.ai/confidentialite","header","lien_interne","Synthetic Swarm","/index-fr","","","","","","","logo","","oui","oui",""
"https://www.syntheticswarm.ai/confidentialite","header","lien_interne","Notre solution","/notre-solution","","","","","","","","","oui","non",""
"https://www.syntheticswarm.ai/confidentialite","header","lien_interne","Tarifs","/tarifs","","","","","","","","","oui","non",""
"https://www.syntheticswarm.ai/confidentialite","header","button+disclosure","À propos","","","","","button","","","nav-link-dropdown shared-chevron-trigger","aria-expanded=false aria-controls=header-about-options","oui","non",""
"https://www.syntheticswarm.ai/confidentialite","header","lien_interne","Qui sommes-nous","/a-propos","","","","","","","","","non","non",""
"https://www.syntheticswarm.ai/confidentialite","header","lien_interne","Recrutement","/recrutement","","","","","","","","","non","non",""
"https://www.syntheticswarm.ai/confidentialite","header","pseudo_lien_desactive","Médias","","","","","","","","nav-disabled","role=link aria-disabled=true","non","non",""
"https://www.syntheticswarm.ai/confidentialite","header","button+disclosure","Choisir la langue","","","","","button","","","language-trigger shared-chevron-trigger","aria-expanded=false aria-controls=header-language-options aria-label=Choisir la langue","oui","non",""
"https://www.syntheticswarm.ai/confidentialite","header","lien_interne+langue","FR","/confidentialite","","","","","","","","aria-current=true","non","non",""
"https://www.syntheticswarm.ai/confidentialite","header","lien_interne+langue","EN","/privacy","","","","","","","","","non","non",""
"https://www.syntheticswarm.ai/confidentialite","header","lien_externe","Connexion","https://app.syntheticswarm.ai/ui/","_blank","noopener noreferrer","","","","","btn-login header-action","","oui","non",""
"https://www.syntheticswarm.ai/confidentialite","header","button+disclosure+demo","Démo","","","","","button","","","btn-get-started header-action","aria-expanded=false aria-controls=header-demo-options","oui","non",""
"https://www.syntheticswarm.ai/confidentialite","header","lien_externe","AxelCEO↗","https://calendar.app.google/91k1Mpontca7NGea6","_blank","noopener noreferrer","","","","","demo-booking-person","","non","non",""
"https://www.syntheticswarm.ai/confidentialite","header","lien_externe","IlanCTO↗","https://calendar.app.google/91k1Mpontca7NGea6","_blank","noopener noreferrer","","","","","demo-booking-person","","non","non",""
"https://www.syntheticswarm.ai/confidentialite","header","button","Ouvrir le menu","","","","","button","","","mobile-menu-toggle","aria-label=Ouvrir le menu aria-controls=mobile-menu aria-expanded=false","non","oui",""
"https://www.syntheticswarm.ai/confidentialite","main","mailto","contact@syntheticswarm.ai","mailto:contact@syntheticswarm.ai","","","","","","","","","oui","oui",""
"https://www.syntheticswarm.ai/confidentialite","main","mailto","contact@syntheticswarm.ai","mailto:contact@syntheticswarm.ai","","","","","","","","","oui","oui",""
"https://www.syntheticswarm.ai/confidentialite","footer","lien_externe+demo","Réserver une démo","https://calendar.app.google/91k1Mpontca7NGea6","_blank","noopener noreferrer","","","","","btn-get-started","","oui","oui",""
"https://www.syntheticswarm.ai/confidentialite","footer","lien_interne","Voir notre solution →","/notre-solution","","","","","","","brand-close-solution","","oui","oui",""
"https://www.syntheticswarm.ai/confidentialite","footer","form","Newsletter","/api/newsletter","","","","","","","newsletter-form","aria-label=Newsletter","oui","oui","method=post action=/api/newsletter champs=email:email*|:submit|company_website:text"
"https://www.syntheticswarm.ai/confidentialite","footer","input_email","Votre email","","","","email","email","oui","","","aria-label=Votre email","oui","oui",""
"https://www.syntheticswarm.ai/confidentialite","footer","button","S’inscrire","","","","","submit","","","","","oui","oui",""
"https://www.syntheticswarm.ai/confidentialite","footer","input_text","","","","","company_website","text","","","newsletter-honeypot","aria-hidden=true","oui","oui",""
"https://www.syntheticswarm.ai/confidentialite","footer","lien_interne","Synthetic Swarm","/index-fr","","","","","","","logo","","oui","oui",""
"https://www.syntheticswarm.ai/confidentialite","footer","lien_externe","Se connecter","https://app.syntheticswarm.ai/ui/","_blank","noopener noreferrer","","","","","brand-close-login","","oui","oui",""
"https://www.syntheticswarm.ai/confidentialite","footer","lien_interne","Notre solution","/notre-solution","","","","","","","","","oui","oui",""
"https://www.syntheticswarm.ai/confidentialite","footer","lien_interne","Tarifs","/tarifs","","","","","","","","","oui","oui",""
"https://www.syntheticswarm.ai/confidentialite","footer","lien_interne","FAQ","/faq-fr","","","","","","","","","oui","oui",""
"https://www.syntheticswarm.ai/confidentialite","footer","lien_interne","À propos","/a-propos","","","","","","","","","oui","oui",""
"https://www.syntheticswarm.ai/confidentialite","footer","pseudo_lien_desactive","Nos clients","","","","","","","","nav-disabled","role=link aria-disabled=true","oui","oui",""
"https://www.syntheticswarm.ai/confidentialite","footer","lien_interne","Recrutement","/recrutement","","","","","","","","","oui","oui",""
"https://www.syntheticswarm.ai/confidentialite","footer","pseudo_lien_desactive","Médias","","","","","","","","nav-disabled","role=link aria-disabled=true","oui","oui",""
"https://www.syntheticswarm.ai/confidentialite","footer","lien_interne","Contact","/contact-fr","","","","","","","","","oui","oui",""
"https://www.syntheticswarm.ai/confidentialite","footer","lien_interne","Mentions légales","/mentions-legales","","","","","","","","","oui","oui",""
"https://www.syntheticswarm.ai/confidentialite","footer","lien_interne","Confidentialité","/confidentialite","","","","","","","","","oui","oui",""
"https://www.syntheticswarm.ai/confidentialite","footer","lien_interne","Conditions","/conditions","","","","","","","","","oui","oui",""
"https://www.syntheticswarm.ai/confidentialite","footer","lien_interne","Opposition","/opposition","","","","","","","","","oui","oui",""
"https://www.syntheticswarm.ai/confidentialite","menu_mobile","button","Fermer le menu","","","","","button","","","mobile-menu-close","aria-label=Fermer le menu","non","non",""
"https://www.syntheticswarm.ai/confidentialite","menu_mobile","lien_interne","","/notre-solution","","","","","","","","","non","non",""
"https://www.syntheticswarm.ai/confidentialite","menu_mobile","lien_interne","","/tarifs","","","","","","","","","non","non",""
"https://www.syntheticswarm.ai/confidentialite","menu_mobile","lien_interne","","/a-propos","","","","","","","","","non","non",""
"https://www.syntheticswarm.ai/confidentialite","menu_mobile","lien_interne","","/recrutement","","","","","","","","","non","non",""
"https://www.syntheticswarm.ai/confidentialite","menu_mobile","pseudo_lien_desactive","","","","","","","","","nav-disabled","role=link aria-disabled=true","non","non",""
"https://www.syntheticswarm.ai/confidentialite","menu_mobile","button+disclosure","Choisir la langue","","","","","button","","","language-trigger shared-chevron-trigger","aria-expanded=false aria-controls=mobile-header-language-options aria-label=Choisir la langue","non","non",""
"https://www.syntheticswarm.ai/confidentialite","menu_mobile","lien_interne+langue","FR","/confidentialite","","","","","","","","aria-current=true","non","non",""
"https://www.syntheticswarm.ai/confidentialite","menu_mobile","lien_interne+langue","EN","/privacy","","","","","","","","","non","non",""
"https://www.syntheticswarm.ai/confidentialite","menu_mobile","lien_externe","","https://app.syntheticswarm.ai/ui/","_blank","noopener noreferrer","","","","","btn-login header-action","","non","non",""
"https://www.syntheticswarm.ai/confidentialite","menu_mobile","button+disclosure+demo","","","","","","button","","","btn-get-started header-action","aria-expanded=false aria-controls=mobile-header-demo-options","non","non",""
"https://www.syntheticswarm.ai/confidentialite","menu_mobile","lien_externe","AxelCEO↗","https://calendar.app.google/91k1Mpontca7NGea6","_blank","noopener noreferrer","","","","","demo-booking-person","","non","non",""
"https://www.syntheticswarm.ai/confidentialite","menu_mobile","lien_externe","IlanCTO↗","https://calendar.app.google/91k1Mpontca7NGea6","_blank","noopener noreferrer","","","","","demo-booking-person","","non","non",""
"https://www.syntheticswarm.ai/terms","autre","ancre","Skip to content","#main","","","","","","","skip-link","","oui","oui",""
"https://www.syntheticswarm.ai/terms","header","lien_interne","Synthetic Swarm","/","","","","","","","logo","","oui","oui",""
"https://www.syntheticswarm.ai/terms","header","lien_interne","Our solution","/our-solution","","","","","","","","","oui","non",""
"https://www.syntheticswarm.ai/terms","header","lien_interne","Pricing","/pricing","","","","","","","","","oui","non",""
"https://www.syntheticswarm.ai/terms","header","button+disclosure","About","","","","","button","","","nav-link-dropdown shared-chevron-trigger","aria-expanded=false aria-controls=header-about-options","oui","non",""
"https://www.syntheticswarm.ai/terms","header","lien_interne","Who we are","/about","","","","","","","","","non","non",""
"https://www.syntheticswarm.ai/terms","header","lien_interne","Careers","/careers","","","","","","","","","non","non",""
"https://www.syntheticswarm.ai/terms","header","pseudo_lien_desactive","Media","","","","","","","","nav-disabled","role=link aria-disabled=true","non","non",""
"https://www.syntheticswarm.ai/terms","header","button+disclosure","Choose language","","","","","button","","","language-trigger shared-chevron-trigger","aria-expanded=false aria-controls=header-language-options aria-label=Choose language","oui","non",""
"https://www.syntheticswarm.ai/terms","header","lien_interne+langue","EN","/terms","","","","","","","","aria-current=true","non","non",""
"https://www.syntheticswarm.ai/terms","header","lien_interne+langue","FR","/conditions","","","","","","","","","non","non",""
"https://www.syntheticswarm.ai/terms","header","lien_externe","Log in","https://app.syntheticswarm.ai/ui/","_blank","noopener noreferrer","","","","","btn-login header-action","","oui","non",""
"https://www.syntheticswarm.ai/terms","header","button+disclosure+demo","Demo","","","","","button","","","btn-get-started header-action","aria-expanded=false aria-controls=header-demo-options","oui","non",""
"https://www.syntheticswarm.ai/terms","header","lien_externe","AxelCEO↗","https://calendar.app.google/91k1Mpontca7NGea6","_blank","noopener noreferrer","","","","","demo-booking-person","","non","non",""
"https://www.syntheticswarm.ai/terms","header","lien_externe","IlanCTO↗","https://calendar.app.google/91k1Mpontca7NGea6","_blank","noopener noreferrer","","","","","demo-booking-person","","non","non",""
"https://www.syntheticswarm.ai/terms","header","button","Open menu","","","","","button","","","mobile-menu-toggle","aria-label=Open menu aria-controls=mobile-menu aria-expanded=false","non","oui",""
"https://www.syntheticswarm.ai/terms","main","lien_interne","Pricing","/pricing","","","","","","","","","oui","oui",""
"https://www.syntheticswarm.ai/terms","main","lien_interne","Privacy Policy","/privacy","","","","","","","","","oui","oui",""
"https://www.syntheticswarm.ai/terms","main","mailto","contact@syntheticswarm.ai","mailto:contact@syntheticswarm.ai","","","","","","","","","oui","oui",""
"https://www.syntheticswarm.ai/terms","main","mailto","contact@syntheticswarm.ai","mailto:contact@syntheticswarm.ai","","","","","","","","","oui","oui",""
"https://www.syntheticswarm.ai/terms","footer","lien_externe+demo","Book a demo","https://calendar.app.google/91k1Mpontca7NGea6","_blank","noopener noreferrer","","","","","btn-get-started","","oui","oui",""
"https://www.syntheticswarm.ai/terms","footer","lien_interne","Explore our solution →","/our-solution","","","","","","","brand-close-solution","","oui","oui",""
"https://www.syntheticswarm.ai/terms","footer","form","Newsletter","/api/newsletter","","","","","","","newsletter-form","aria-label=Newsletter","oui","oui","method=post action=/api/newsletter champs=email:email*|:submit|company_website:text"
"https://www.syntheticswarm.ai/terms","footer","input_email","Your email","","","","email","email","oui","","","aria-label=Your email","oui","oui",""
"https://www.syntheticswarm.ai/terms","footer","button","Subscribe","","","","","submit","","","","","oui","oui",""
"https://www.syntheticswarm.ai/terms","footer","input_text","","","","","company_website","text","","","newsletter-honeypot","aria-hidden=true","oui","oui",""
"https://www.syntheticswarm.ai/terms","footer","lien_interne","Synthetic Swarm","/","","","","","","","logo","","oui","oui",""
"https://www.syntheticswarm.ai/terms","footer","lien_externe","Log in","https://app.syntheticswarm.ai/ui/","_blank","noopener noreferrer","","","","","brand-close-login","","oui","oui",""
"https://www.syntheticswarm.ai/terms","footer","lien_interne","Our solution","/our-solution","","","","","","","","","oui","oui",""
"https://www.syntheticswarm.ai/terms","footer","lien_interne","Pricing","/pricing","","","","","","","","","oui","oui",""
"https://www.syntheticswarm.ai/terms","footer","lien_interne","FAQ","/faq","","","","","","","","","oui","oui",""
"https://www.syntheticswarm.ai/terms","footer","lien_interne","About","/about","","","","","","","","","oui","oui",""
"https://www.syntheticswarm.ai/terms","footer","pseudo_lien_desactive","Customers","","","","","","","","nav-disabled","role=link aria-disabled=true","oui","oui",""
"https://www.syntheticswarm.ai/terms","footer","lien_interne","Careers","/careers","","","","","","","","","oui","oui",""
"https://www.syntheticswarm.ai/terms","footer","pseudo_lien_desactive","Media","","","","","","","","nav-disabled","role=link aria-disabled=true","oui","oui",""
"https://www.syntheticswarm.ai/terms","footer","lien_interne","Contact","/contact","","","","","","","","","oui","oui",""
"https://www.syntheticswarm.ai/terms","footer","lien_interne","Legal Notice","/legal-notice","","","","","","","","","oui","oui",""
"https://www.syntheticswarm.ai/terms","footer","lien_interne","Privacy","/privacy","","","","","","","","","oui","oui",""
"https://www.syntheticswarm.ai/terms","footer","lien_interne","Terms","/terms","","","","","","","","","oui","oui",""
"https://www.syntheticswarm.ai/terms","footer","lien_interne","Opt out","/opt-out","","","","","","","","","oui","oui",""
"https://www.syntheticswarm.ai/terms","menu_mobile","button","Close menu","","","","","button","","","mobile-menu-close","aria-label=Close menu","non","non",""
"https://www.syntheticswarm.ai/terms","menu_mobile","lien_interne","","/our-solution","","","","","","","","","non","non",""
"https://www.syntheticswarm.ai/terms","menu_mobile","lien_interne","","/pricing","","","","","","","","","non","non",""
"https://www.syntheticswarm.ai/terms","menu_mobile","lien_interne","","/about","","","","","","","","","non","non",""
"https://www.syntheticswarm.ai/terms","menu_mobile","lien_interne","","/careers","","","","","","","","","non","non",""
"https://www.syntheticswarm.ai/terms","menu_mobile","pseudo_lien_desactive","","","","","","","","","nav-disabled","role=link aria-disabled=true","non","non",""
"https://www.syntheticswarm.ai/terms","menu_mobile","button+disclosure","Choose language","","","","","button","","","language-trigger shared-chevron-trigger","aria-expanded=false aria-controls=mobile-header-language-options aria-label=Choose language","non","non",""
"https://www.syntheticswarm.ai/terms","menu_mobile","lien_interne+langue","EN","/terms","","","","","","","","aria-current=true","non","non",""
"https://www.syntheticswarm.ai/terms","menu_mobile","lien_interne+langue","FR","/conditions","","","","","","","","","non","non",""
"https://www.syntheticswarm.ai/terms","menu_mobile","lien_externe","","https://app.syntheticswarm.ai/ui/","_blank","noopener noreferrer","","","","","btn-login header-action","","non","non",""
"https://www.syntheticswarm.ai/terms","menu_mobile","button+disclosure+demo","","","","","","button","","","btn-get-started header-action","aria-expanded=false aria-controls=mobile-header-demo-options","non","non",""
"https://www.syntheticswarm.ai/terms","menu_mobile","lien_externe","AxelCEO↗","https://calendar.app.google/91k1Mpontca7NGea6","_blank","noopener noreferrer","","","","","demo-booking-person","","non","non",""
"https://www.syntheticswarm.ai/terms","menu_mobile","lien_externe","IlanCTO↗","https://calendar.app.google/91k1Mpontca7NGea6","_blank","noopener noreferrer","","","","","demo-booking-person","","non","non",""
"https://www.syntheticswarm.ai/conditions","autre","ancre","Aller au contenu","#main","","","","","","","skip-link","","oui","oui",""
"https://www.syntheticswarm.ai/conditions","header","lien_interne","Synthetic Swarm","/index-fr","","","","","","","logo","","oui","oui",""
"https://www.syntheticswarm.ai/conditions","header","lien_interne","Notre solution","/notre-solution","","","","","","","","","oui","non",""
"https://www.syntheticswarm.ai/conditions","header","lien_interne","Tarifs","/tarifs","","","","","","","","","oui","non",""
"https://www.syntheticswarm.ai/conditions","header","button+disclosure","À propos","","","","","button","","","nav-link-dropdown shared-chevron-trigger","aria-expanded=false aria-controls=header-about-options","oui","non",""
"https://www.syntheticswarm.ai/conditions","header","lien_interne","Qui sommes-nous","/a-propos","","","","","","","","","non","non",""
"https://www.syntheticswarm.ai/conditions","header","lien_interne","Recrutement","/recrutement","","","","","","","","","non","non",""
"https://www.syntheticswarm.ai/conditions","header","pseudo_lien_desactive","Médias","","","","","","","","nav-disabled","role=link aria-disabled=true","non","non",""
"https://www.syntheticswarm.ai/conditions","header","button+disclosure","Choisir la langue","","","","","button","","","language-trigger shared-chevron-trigger","aria-expanded=false aria-controls=header-language-options aria-label=Choisir la langue","oui","non",""
"https://www.syntheticswarm.ai/conditions","header","lien_interne+langue","FR","/conditions","","","","","","","","aria-current=true","non","non",""
"https://www.syntheticswarm.ai/conditions","header","lien_interne+langue","EN","/terms","","","","","","","","","non","non",""
"https://www.syntheticswarm.ai/conditions","header","lien_externe","Connexion","https://app.syntheticswarm.ai/ui/","_blank","noopener noreferrer","","","","","btn-login header-action","","oui","non",""
"https://www.syntheticswarm.ai/conditions","header","button+disclosure+demo","Démo","","","","","button","","","btn-get-started header-action","aria-expanded=false aria-controls=header-demo-options","oui","non",""
"https://www.syntheticswarm.ai/conditions","header","lien_externe","AxelCEO↗","https://calendar.app.google/91k1Mpontca7NGea6","_blank","noopener noreferrer","","","","","demo-booking-person","","non","non",""
"https://www.syntheticswarm.ai/conditions","header","lien_externe","IlanCTO↗","https://calendar.app.google/91k1Mpontca7NGea6","_blank","noopener noreferrer","","","","","demo-booking-person","","non","non",""
"https://www.syntheticswarm.ai/conditions","header","button","Ouvrir le menu","","","","","button","","","mobile-menu-toggle","aria-label=Ouvrir le menu aria-controls=mobile-menu aria-expanded=false","non","oui",""
"https://www.syntheticswarm.ai/conditions","main","lien_interne","Tarifs","/tarifs","","","","","","","","","oui","oui",""
"https://www.syntheticswarm.ai/conditions","main","lien_interne","Politique de confidentialité","/confidentialite","","","","","","","","","oui","oui",""
"https://www.syntheticswarm.ai/conditions","main","mailto","contact@syntheticswarm.ai","mailto:contact@syntheticswarm.ai","","","","","","","","","oui","oui",""
"https://www.syntheticswarm.ai/conditions","main","mailto","contact@syntheticswarm.ai","mailto:contact@syntheticswarm.ai","","","","","","","","","oui","oui",""
"https://www.syntheticswarm.ai/conditions","footer","lien_externe+demo","Réserver une démo","https://calendar.app.google/91k1Mpontca7NGea6","_blank","noopener noreferrer","","","","","btn-get-started","","oui","oui",""
"https://www.syntheticswarm.ai/conditions","footer","lien_interne","Voir notre solution →","/notre-solution","","","","","","","brand-close-solution","","oui","oui",""
"https://www.syntheticswarm.ai/conditions","footer","form","Newsletter","/api/newsletter","","","","","","","newsletter-form","aria-label=Newsletter","oui","oui","method=post action=/api/newsletter champs=email:email*|:submit|company_website:text"
"https://www.syntheticswarm.ai/conditions","footer","input_email","Votre email","","","","email","email","oui","","","aria-label=Votre email","oui","oui",""
"https://www.syntheticswarm.ai/conditions","footer","button","S’inscrire","","","","","submit","","","","","oui","oui",""
"https://www.syntheticswarm.ai/conditions","footer","input_text","","","","","company_website","text","","","newsletter-honeypot","aria-hidden=true","oui","oui",""
"https://www.syntheticswarm.ai/conditions","footer","lien_interne","Synthetic Swarm","/index-fr","","","","","","","logo","","oui","oui",""
"https://www.syntheticswarm.ai/conditions","footer","lien_externe","Se connecter","https://app.syntheticswarm.ai/ui/","_blank","noopener noreferrer","","","","","brand-close-login","","oui","oui",""
"https://www.syntheticswarm.ai/conditions","footer","lien_interne","Notre solution","/notre-solution","","","","","","","","","oui","oui",""
"https://www.syntheticswarm.ai/conditions","footer","lien_interne","Tarifs","/tarifs","","","","","","","","","oui","oui",""
"https://www.syntheticswarm.ai/conditions","footer","lien_interne","FAQ","/faq-fr","","","","","","","","","oui","oui",""
"https://www.syntheticswarm.ai/conditions","footer","lien_interne","À propos","/a-propos","","","","","","","","","oui","oui",""
"https://www.syntheticswarm.ai/conditions","footer","pseudo_lien_desactive","Nos clients","","","","","","","","nav-disabled","role=link aria-disabled=true","oui","oui",""
"https://www.syntheticswarm.ai/conditions","footer","lien_interne","Recrutement","/recrutement","","","","","","","","","oui","oui",""
"https://www.syntheticswarm.ai/conditions","footer","pseudo_lien_desactive","Médias","","","","","","","","nav-disabled","role=link aria-disabled=true","oui","oui",""
"https://www.syntheticswarm.ai/conditions","footer","lien_interne","Contact","/contact-fr","","","","","","","","","oui","oui",""
"https://www.syntheticswarm.ai/conditions","footer","lien_interne","Mentions légales","/mentions-legales","","","","","","","","","oui","oui",""
"https://www.syntheticswarm.ai/conditions","footer","lien_interne","Confidentialité","/confidentialite","","","","","","","","","oui","oui",""
"https://www.syntheticswarm.ai/conditions","footer","lien_interne","Conditions","/conditions","","","","","","","","","oui","oui",""
"https://www.syntheticswarm.ai/conditions","footer","lien_interne","Opposition","/opposition","","","","","","","","","oui","oui",""
"https://www.syntheticswarm.ai/conditions","menu_mobile","button","Fermer le menu","","","","","button","","","mobile-menu-close","aria-label=Fermer le menu","non","non",""
"https://www.syntheticswarm.ai/conditions","menu_mobile","lien_interne","","/notre-solution","","","","","","","","","non","non",""
"https://www.syntheticswarm.ai/conditions","menu_mobile","lien_interne","","/tarifs","","","","","","","","","non","non",""
"https://www.syntheticswarm.ai/conditions","menu_mobile","lien_interne","","/a-propos","","","","","","","","","non","non",""
"https://www.syntheticswarm.ai/conditions","menu_mobile","lien_interne","","/recrutement","","","","","","","","","non","non",""
"https://www.syntheticswarm.ai/conditions","menu_mobile","pseudo_lien_desactive","","","","","","","","","nav-disabled","role=link aria-disabled=true","non","non",""
"https://www.syntheticswarm.ai/conditions","menu_mobile","button+disclosure","Choisir la langue","","","","","button","","","language-trigger shared-chevron-trigger","aria-expanded=false aria-controls=mobile-header-language-options aria-label=Choisir la langue","non","non",""
"https://www.syntheticswarm.ai/conditions","menu_mobile","lien_interne+langue","FR","/conditions","","","","","","","","aria-current=true","non","non",""
"https://www.syntheticswarm.ai/conditions","menu_mobile","lien_interne+langue","EN","/terms","","","","","","","","","non","non",""
"https://www.syntheticswarm.ai/conditions","menu_mobile","lien_externe","","https://app.syntheticswarm.ai/ui/","_blank","noopener noreferrer","","","","","btn-login header-action","","non","non",""
"https://www.syntheticswarm.ai/conditions","menu_mobile","button+disclosure+demo","","","","","","button","","","btn-get-started header-action","aria-expanded=false aria-controls=mobile-header-demo-options","non","non",""
"https://www.syntheticswarm.ai/conditions","menu_mobile","lien_externe","AxelCEO↗","https://calendar.app.google/91k1Mpontca7NGea6","_blank","noopener noreferrer","","","","","demo-booking-person","","non","non",""
"https://www.syntheticswarm.ai/conditions","menu_mobile","lien_externe","IlanCTO↗","https://calendar.app.google/91k1Mpontca7NGea6","_blank","noopener noreferrer","","","","","demo-booking-person","","non","non",""
"https://www.syntheticswarm.ai/opt-out","autre","ancre","Skip to content","#main","","","","","","","skip-link","","oui","oui",""
"https://www.syntheticswarm.ai/opt-out","header","lien_interne","Synthetic Swarm","/","","","","","","","logo","","oui","oui",""
"https://www.syntheticswarm.ai/opt-out","header","lien_interne","Our solution","/our-solution","","","","","","","","","oui","non",""
"https://www.syntheticswarm.ai/opt-out","header","lien_interne","Pricing","/pricing","","","","","","","","","oui","non",""
"https://www.syntheticswarm.ai/opt-out","header","button+disclosure","About","","","","","button","","","nav-link-dropdown shared-chevron-trigger","aria-expanded=false aria-controls=header-about-options","oui","non",""
"https://www.syntheticswarm.ai/opt-out","header","lien_interne","Who we are","/about","","","","","","","","","non","non",""
"https://www.syntheticswarm.ai/opt-out","header","lien_interne","Careers","/careers","","","","","","","","","non","non",""
"https://www.syntheticswarm.ai/opt-out","header","pseudo_lien_desactive","Media","","","","","","","","nav-disabled","role=link aria-disabled=true","non","non",""
"https://www.syntheticswarm.ai/opt-out","header","button+disclosure","Choose language","","","","","button","","","language-trigger shared-chevron-trigger","aria-expanded=false aria-controls=header-language-options aria-label=Choose language","oui","non",""
"https://www.syntheticswarm.ai/opt-out","header","lien_interne+langue","EN","/opt-out","","","","","","","","aria-current=true","non","non",""
"https://www.syntheticswarm.ai/opt-out","header","lien_interne+langue","FR","/opposition","","","","","","","","","non","non",""
"https://www.syntheticswarm.ai/opt-out","header","lien_externe","Log in","https://app.syntheticswarm.ai/ui/","_blank","noopener noreferrer","","","","","btn-login header-action","","oui","non",""
"https://www.syntheticswarm.ai/opt-out","header","button+disclosure+demo","Demo","","","","","button","","","btn-get-started header-action","aria-expanded=false aria-controls=header-demo-options","oui","non",""
"https://www.syntheticswarm.ai/opt-out","header","lien_externe","AxelCEO↗","https://calendar.app.google/91k1Mpontca7NGea6","_blank","noopener noreferrer","","","","","demo-booking-person","","non","non",""
"https://www.syntheticswarm.ai/opt-out","header","lien_externe","IlanCTO↗","https://calendar.app.google/91k1Mpontca7NGea6","_blank","noopener noreferrer","","","","","demo-booking-person","","non","non",""
"https://www.syntheticswarm.ai/opt-out","header","button","Open menu","","","","","button","","","mobile-menu-toggle","aria-label=Open menu aria-controls=mobile-menu aria-expanded=false","non","oui",""
"https://www.syntheticswarm.ai/opt-out","main","mailto","contact@syntheticswarm.ai","mailto:contact@syntheticswarm.ai","","","","","","","","","oui","oui",""
"https://www.syntheticswarm.ai/opt-out","main","mailto","Send an email →","mailto:contact@syntheticswarm.ai?subject=Opt-out%20request%20-%20Synthetic%20Swarm&body=Hello%2C%0A%0AI%20would%20like%20to%20request%20the%20removal%20of%20my%20contact%20details.%0A%0AFirst%20name%3A%0ALast%20name%3A%0ACompany%3A%0AEmail%20or%20phone%20number%20to%20remove%3A%0A%0AThank%20you.","","","","","","","page-button","","oui","oui",""
"https://www.syntheticswarm.ai/opt-out","footer","lien_externe+demo","Book a demo","https://calendar.app.google/91k1Mpontca7NGea6","_blank","noopener noreferrer","","","","","btn-get-started","","oui","oui",""
"https://www.syntheticswarm.ai/opt-out","footer","lien_interne","Explore our solution →","/our-solution","","","","","","","brand-close-solution","","oui","oui",""
"https://www.syntheticswarm.ai/opt-out","footer","form","Newsletter","/api/newsletter","","","","","","","newsletter-form","aria-label=Newsletter","oui","oui","method=post action=/api/newsletter champs=email:email*|:submit|company_website:text"
"https://www.syntheticswarm.ai/opt-out","footer","input_email","Your email","","","","email","email","oui","","","aria-label=Your email","oui","oui",""
"https://www.syntheticswarm.ai/opt-out","footer","button","Subscribe","","","","","submit","","","","","oui","oui",""
"https://www.syntheticswarm.ai/opt-out","footer","input_text","","","","","company_website","text","","","newsletter-honeypot","aria-hidden=true","oui","oui",""
"https://www.syntheticswarm.ai/opt-out","footer","lien_interne","Synthetic Swarm","/","","","","","","","logo","","oui","oui",""
"https://www.syntheticswarm.ai/opt-out","footer","lien_externe","Log in","https://app.syntheticswarm.ai/ui/","_blank","noopener noreferrer","","","","","brand-close-login","","oui","oui",""
"https://www.syntheticswarm.ai/opt-out","footer","lien_interne","Our solution","/our-solution","","","","","","","","","oui","oui",""
"https://www.syntheticswarm.ai/opt-out","footer","lien_interne","Pricing","/pricing","","","","","","","","","oui","oui",""
"https://www.syntheticswarm.ai/opt-out","footer","lien_interne","FAQ","/faq","","","","","","","","","oui","oui",""
"https://www.syntheticswarm.ai/opt-out","footer","lien_interne","About","/about","","","","","","","","","oui","oui",""
"https://www.syntheticswarm.ai/opt-out","footer","pseudo_lien_desactive","Customers","","","","","","","","nav-disabled","role=link aria-disabled=true","oui","oui",""
"https://www.syntheticswarm.ai/opt-out","footer","lien_interne","Careers","/careers","","","","","","","","","oui","oui",""
"https://www.syntheticswarm.ai/opt-out","footer","pseudo_lien_desactive","Media","","","","","","","","nav-disabled","role=link aria-disabled=true","oui","oui",""
"https://www.syntheticswarm.ai/opt-out","footer","lien_interne","Contact","/contact","","","","","","","","","oui","oui",""
"https://www.syntheticswarm.ai/opt-out","footer","lien_interne","Legal Notice","/legal-notice","","","","","","","","","oui","oui",""
"https://www.syntheticswarm.ai/opt-out","footer","lien_interne","Privacy","/privacy","","","","","","","","","oui","oui",""
"https://www.syntheticswarm.ai/opt-out","footer","lien_interne","Terms","/terms","","","","","","","","","oui","oui",""
"https://www.syntheticswarm.ai/opt-out","footer","lien_interne","Opt out","/opt-out","","","","","","","","","oui","oui",""
"https://www.syntheticswarm.ai/opt-out","menu_mobile","button","Close menu","","","","","button","","","mobile-menu-close","aria-label=Close menu","non","non",""
"https://www.syntheticswarm.ai/opt-out","menu_mobile","lien_interne","","/our-solution","","","","","","","","","non","non",""
"https://www.syntheticswarm.ai/opt-out","menu_mobile","lien_interne","","/pricing","","","","","","","","","non","non",""
"https://www.syntheticswarm.ai/opt-out","menu_mobile","lien_interne","","/about","","","","","","","","","non","non",""
"https://www.syntheticswarm.ai/opt-out","menu_mobile","lien_interne","","/careers","","","","","","","","","non","non",""
"https://www.syntheticswarm.ai/opt-out","menu_mobile","pseudo_lien_desactive","","","","","","","","","nav-disabled","role=link aria-disabled=true","non","non",""
"https://www.syntheticswarm.ai/opt-out","menu_mobile","button+disclosure","Choose language","","","","","button","","","language-trigger shared-chevron-trigger","aria-expanded=false aria-controls=mobile-header-language-options aria-label=Choose language","non","non",""
"https://www.syntheticswarm.ai/opt-out","menu_mobile","lien_interne+langue","EN","/opt-out","","","","","","","","aria-current=true","non","non",""
"https://www.syntheticswarm.ai/opt-out","menu_mobile","lien_interne+langue","FR","/opposition","","","","","","","","","non","non",""
"https://www.syntheticswarm.ai/opt-out","menu_mobile","lien_externe","","https://app.syntheticswarm.ai/ui/","_blank","noopener noreferrer","","","","","btn-login header-action","","non","non",""
"https://www.syntheticswarm.ai/opt-out","menu_mobile","button+disclosure+demo","","","","","","button","","","btn-get-started header-action","aria-expanded=false aria-controls=mobile-header-demo-options","non","non",""
"https://www.syntheticswarm.ai/opt-out","menu_mobile","lien_externe","AxelCEO↗","https://calendar.app.google/91k1Mpontca7NGea6","_blank","noopener noreferrer","","","","","demo-booking-person","","non","non",""
"https://www.syntheticswarm.ai/opt-out","menu_mobile","lien_externe","IlanCTO↗","https://calendar.app.google/91k1Mpontca7NGea6","_blank","noopener noreferrer","","","","","demo-booking-person","","non","non",""
"https://www.syntheticswarm.ai/opposition","autre","ancre","Aller au contenu","#main","","","","","","","skip-link","","oui","oui",""
"https://www.syntheticswarm.ai/opposition","header","lien_interne","Synthetic Swarm","/index-fr","","","","","","","logo","","oui","oui",""
"https://www.syntheticswarm.ai/opposition","header","lien_interne","Notre solution","/notre-solution","","","","","","","","","oui","non",""
"https://www.syntheticswarm.ai/opposition","header","lien_interne","Tarifs","/tarifs","","","","","","","","","oui","non",""
"https://www.syntheticswarm.ai/opposition","header","button+disclosure","À propos","","","","","button","","","nav-link-dropdown shared-chevron-trigger","aria-expanded=false aria-controls=header-about-options","oui","non",""
"https://www.syntheticswarm.ai/opposition","header","lien_interne","Qui sommes-nous","/a-propos","","","","","","","","","non","non",""
"https://www.syntheticswarm.ai/opposition","header","lien_interne","Recrutement","/recrutement","","","","","","","","","non","non",""
"https://www.syntheticswarm.ai/opposition","header","pseudo_lien_desactive","Médias","","","","","","","","nav-disabled","role=link aria-disabled=true","non","non",""
"https://www.syntheticswarm.ai/opposition","header","button+disclosure","Choisir la langue","","","","","button","","","language-trigger shared-chevron-trigger","aria-expanded=false aria-controls=header-language-options aria-label=Choisir la langue","oui","non",""
"https://www.syntheticswarm.ai/opposition","header","lien_interne+langue","FR","/opposition","","","","","","","","aria-current=true","non","non",""
"https://www.syntheticswarm.ai/opposition","header","lien_interne+langue","EN","/opt-out","","","","","","","","","non","non",""
"https://www.syntheticswarm.ai/opposition","header","lien_externe","Connexion","https://app.syntheticswarm.ai/ui/","_blank","noopener noreferrer","","","","","btn-login header-action","","oui","non",""
"https://www.syntheticswarm.ai/opposition","header","button+disclosure+demo","Démo","","","","","button","","","btn-get-started header-action","aria-expanded=false aria-controls=header-demo-options","oui","non",""
"https://www.syntheticswarm.ai/opposition","header","lien_externe","AxelCEO↗","https://calendar.app.google/91k1Mpontca7NGea6","_blank","noopener noreferrer","","","","","demo-booking-person","","non","non",""
"https://www.syntheticswarm.ai/opposition","header","lien_externe","IlanCTO↗","https://calendar.app.google/91k1Mpontca7NGea6","_blank","noopener noreferrer","","","","","demo-booking-person","","non","non",""
"https://www.syntheticswarm.ai/opposition","header","button","Ouvrir le menu","","","","","button","","","mobile-menu-toggle","aria-label=Ouvrir le menu aria-controls=mobile-menu aria-expanded=false","non","oui",""
"https://www.syntheticswarm.ai/opposition","main","mailto","contact@syntheticswarm.ai","mailto:contact@syntheticswarm.ai","","","","","","","","","oui","oui",""
"https://www.syntheticswarm.ai/opposition","main","mailto","Envoyer un email →","mailto:contact@syntheticswarm.ai?subject=Demande%20d%27opposition%20-%20Synthetic%20Swarm&body=Bonjour%2C%0A%0AJe%20souhaite%20demander%20le%20retrait%20de%20mes%20coordonn%C3%A9es.%0A%0ANom%20%3A%20%0APr%C3%A9nom%20%3A%20%0AEntreprise%20%3A%20%0AEmail%20ou%20t%C3%A9l%C3%A9phone%20%C3%A0%20retirer%20%3A%20%0A%0AMerci.","","","","","","","page-button","","oui","oui",""
"https://www.syntheticswarm.ai/opposition","footer","lien_externe+demo","Réserver une démo","https://calendar.app.google/91k1Mpontca7NGea6","_blank","noopener noreferrer","","","","","btn-get-started","","oui","oui",""
"https://www.syntheticswarm.ai/opposition","footer","lien_interne","Voir notre solution →","/notre-solution","","","","","","","brand-close-solution","","oui","oui",""
"https://www.syntheticswarm.ai/opposition","footer","form","Newsletter","/api/newsletter","","","","","","","newsletter-form","aria-label=Newsletter","oui","oui","method=post action=/api/newsletter champs=email:email*|:submit|company_website:text"
"https://www.syntheticswarm.ai/opposition","footer","input_email","Votre email","","","","email","email","oui","","","aria-label=Votre email","oui","oui",""
"https://www.syntheticswarm.ai/opposition","footer","button","S’inscrire","","","","","submit","","","","","oui","oui",""
"https://www.syntheticswarm.ai/opposition","footer","input_text","","","","","company_website","text","","","newsletter-honeypot","aria-hidden=true","oui","oui",""
"https://www.syntheticswarm.ai/opposition","footer","lien_interne","Synthetic Swarm","/index-fr","","","","","","","logo","","oui","oui",""
"https://www.syntheticswarm.ai/opposition","footer","lien_externe","Se connecter","https://app.syntheticswarm.ai/ui/","_blank","noopener noreferrer","","","","","brand-close-login","","oui","oui",""
"https://www.syntheticswarm.ai/opposition","footer","lien_interne","Notre solution","/notre-solution","","","","","","","","","oui","oui",""
"https://www.syntheticswarm.ai/opposition","footer","lien_interne","Tarifs","/tarifs","","","","","","","","","oui","oui",""
"https://www.syntheticswarm.ai/opposition","footer","lien_interne","FAQ","/faq-fr","","","","","","","","","oui","oui",""
"https://www.syntheticswarm.ai/opposition","footer","lien_interne","À propos","/a-propos","","","","","","","","","oui","oui",""
"https://www.syntheticswarm.ai/opposition","footer","pseudo_lien_desactive","Nos clients","","","","","","","","nav-disabled","role=link aria-disabled=true","oui","oui",""
"https://www.syntheticswarm.ai/opposition","footer","lien_interne","Recrutement","/recrutement","","","","","","","","","oui","oui",""
"https://www.syntheticswarm.ai/opposition","footer","pseudo_lien_desactive","Médias","","","","","","","","nav-disabled","role=link aria-disabled=true","oui","oui",""
"https://www.syntheticswarm.ai/opposition","footer","lien_interne","Contact","/contact-fr","","","","","","","","","oui","oui",""
"https://www.syntheticswarm.ai/opposition","footer","lien_interne","Mentions légales","/mentions-legales","","","","","","","","","oui","oui",""
"https://www.syntheticswarm.ai/opposition","footer","lien_interne","Confidentialité","/confidentialite","","","","","","","","","oui","oui",""
"https://www.syntheticswarm.ai/opposition","footer","lien_interne","Conditions","/conditions","","","","","","","","","oui","oui",""
"https://www.syntheticswarm.ai/opposition","footer","lien_interne","Opposition","/opposition","","","","","","","","","oui","oui",""
"https://www.syntheticswarm.ai/opposition","menu_mobile","button","Fermer le menu","","","","","button","","","mobile-menu-close","aria-label=Fermer le menu","non","non",""
"https://www.syntheticswarm.ai/opposition","menu_mobile","lien_interne","","/notre-solution","","","","","","","","","non","non",""
"https://www.syntheticswarm.ai/opposition","menu_mobile","lien_interne","","/tarifs","","","","","","","","","non","non",""
"https://www.syntheticswarm.ai/opposition","menu_mobile","lien_interne","","/a-propos","","","","","","","","","non","non",""
"https://www.syntheticswarm.ai/opposition","menu_mobile","lien_interne","","/recrutement","","","","","","","","","non","non",""
"https://www.syntheticswarm.ai/opposition","menu_mobile","pseudo_lien_desactive","","","","","","","","","nav-disabled","role=link aria-disabled=true","non","non",""
"https://www.syntheticswarm.ai/opposition","menu_mobile","button+disclosure","Choisir la langue","","","","","button","","","language-trigger shared-chevron-trigger","aria-expanded=false aria-controls=mobile-header-language-options aria-label=Choisir la langue","non","non",""
"https://www.syntheticswarm.ai/opposition","menu_mobile","lien_interne+langue","FR","/opposition","","","","","","","","aria-current=true","non","non",""
"https://www.syntheticswarm.ai/opposition","menu_mobile","lien_interne+langue","EN","/opt-out","","","","","","","","","non","non",""
"https://www.syntheticswarm.ai/opposition","menu_mobile","lien_externe","","https://app.syntheticswarm.ai/ui/","_blank","noopener noreferrer","","","","","btn-login header-action","","non","non",""
"https://www.syntheticswarm.ai/opposition","menu_mobile","button+disclosure+demo","","","","","","button","","","btn-get-started header-action","aria-expanded=false aria-controls=mobile-header-demo-options","non","non",""
"https://www.syntheticswarm.ai/opposition","menu_mobile","lien_externe","AxelCEO↗","https://calendar.app.google/91k1Mpontca7NGea6","_blank","noopener noreferrer","","","","","demo-booking-person","","non","non",""
"https://www.syntheticswarm.ai/opposition","menu_mobile","lien_externe","IlanCTO↗","https://calendar.app.google/91k1Mpontca7NGea6","_blank","noopener noreferrer","","","","","demo-booking-person","","non","non",""
